<application>
  <component name="dataSourceStorage" format="xml" multifile-model="true">
    <data-source source="LOCAL" name="prod_emes_db" uuid="caec29b3-3f3f-4021-9ba4-56598822e284">
      <driver-ref>postgresql</driver-ref>
      <synchronize>true</synchronize>
      <remarks>emes-server prod db</remarks>
      <jdbc-driver>org.postgresql.Driver</jdbc-driver>
      <jdbc-url>jdbc:postgresql://117.81.212.189:5430/postgres</jdbc-url>
      <working-dir>$ProjectFileDir$</working-dir>
    </data-source>
    <data-source source="LOCAL" name="dev_36.32emes_db" uuid="5fa13867-0a57-4ec1-b988-643c4c37e809">
      <driver-ref>postgresql</driver-ref>
      <synchronize>true</synchronize>
      <jdbc-driver>org.postgresql.Driver</jdbc-driver>
      <jdbc-url>jdbc:postgresql://10.234.36.32:5432/hasura</jdbc-url>
      <working-dir>$ProjectFileDir$</working-dir>
    </data-source>
  </component>
</application>