<application>
  <component name="dataSourceStorage" format="xml" multifile-model="true">
    <data-source source="LOCAL" name="prod_emes_db" uuid="caec29b3-3f3f-4021-9ba4-56598822e284">
      <driver-ref>postgresql</driver-ref>
      <synchronize>true</synchronize>
      <remarks>emes-server prod db</remarks>
      <jdbc-driver>org.postgresql.Driver</jdbc-driver>
      <jdbc-url>jdbc:postgresql://117.81.212.189:5430/postgres</jdbc-url>
      <working-dir>$ProjectFileDir$</working-dir>
    </data-source>
    <data-source source="LOCAL" name="dev_36.32emes_db" uuid="5fa13867-0a57-4ec1-b988-643c4c37e809">
      <driver-ref>postgresql</driver-ref>
      <synchronize>true</synchronize>
      <jdbc-driver>org.postgresql.Driver</jdbc-driver>
      <jdbc-url>jdbc:postgresql://10.234.43.185:5432/hasura</jdbc-url>
      <working-dir>$ProjectFileDir$</working-dir>
    </data-source>
    <data-source source="LOCAL" name="qa_emes_db" uuid="a1386bb4-557b-4c02-a82d-6c5b0ef92731">
      <driver-ref>postgresql</driver-ref>
      <synchronize>true</synchronize>
      <remarks>emes-server prod db</remarks>
      <jdbc-driver>org.postgresql.Driver</jdbc-driver>
      <jdbc-url>jdbc:postgresql://10.234.44.231:5432/hasura</jdbc-url>
      <working-dir>$ProjectFileDir$</working-dir>
    </data-source>
    <data-source source="LOCAL" name="test_docker" uuid="36aa0f62-9d33-4f0c-82ae-605206592b23">
      <driver-ref>postgresql</driver-ref>
      <synchronize>true</synchronize>
      <jdbc-driver>org.postgresql.Driver</jdbc-driver>
      <jdbc-url>jdbc:postgresql://172.17.0.2:5432/</jdbc-url>
      <working-dir>$ProjectFileDir$</working-dir>
    </data-source>
    <data-source source="LOCAL" name="dcs_dev" group="dcs" uuid="1ca185a5-c9c5-4342-8b69-075180d53bd4">
      <driver-ref>mysql.8</driver-ref>
      <synchronize>true</synchronize>
      <jdbc-driver>com.mysql.cj.jdbc.Driver</jdbc-driver>
      <jdbc-url>jdbc:mysql://10.234.12.134:3306/dcs_management</jdbc-url>
      <working-dir>$ProjectFileDir$</working-dir>
    </data-source>
    <data-source source="LOCAL" name="iot-core_dev" group="iot" uuid="5e510cb6-195b-4c3d-894b-3795f1bb457c">
      <driver-ref>mysql.8</driver-ref>
      <synchronize>true</synchronize>
      <jdbc-driver>com.mysql.cj.jdbc.Driver</jdbc-driver>
      <jdbc-url>jdbc:mysql://10.234.26.216:3306/kexing_management</jdbc-url>
      <working-dir>$ProjectFileDir$</working-dir>
    </data-source>
    <data-source source="LOCAL" name="aliyun_quanxin_prod" uuid="e99bbf57-156c-41d8-9b3c-fc5f4bf589f1">
      <driver-ref>mysql.8</driver-ref>
      <synchronize>true</synchronize>
      <configured-by-url>true</configured-by-url>
      <jdbc-driver>com.mysql.cj.jdbc.Driver</jdbc-driver>
      <jdbc-url>jdbc:mysql://localhost:41371</jdbc-url>
      <working-dir>$ProjectFileDir$</working-dir>
    </data-source>
    <data-source source="LOCAL" name="kexing-dev" group="kexing" uuid="952c3dd8-f2de-4fcc-a8f0-5fbdd41f0b76">
      <driver-ref>mysql.8</driver-ref>
      <synchronize>true</synchronize>
      <jdbc-driver>com.mysql.cj.jdbc.Driver</jdbc-driver>
      <jdbc-url>jdbc:mysql://10.234.26.216:3306/kexing_management</jdbc-url>
      <working-dir>$ProjectFileDir$</working-dir>
    </data-source>
    <data-source source="LOCAL" name="iot-core_qa1" group="iot" uuid="29104251-8591-49bb-adaa-2507ae756a3e">
      <driver-ref>mysql.8</driver-ref>
      <synchronize>true</synchronize>
      <jdbc-driver>com.mysql.cj.jdbc.Driver</jdbc-driver>
      <jdbc-url>jdbc:mysql://10.234.47.140:3306/kexing_management</jdbc-url>
      <working-dir>$ProjectFileDir$</working-dir>
    </data-source>
    <data-source source="LOCAL" name="keixng-prod" group="kexing" uuid="36f04de1-73ca-4186-a02a-deb7f83f2f73">
      <driver-ref>sqlserver.jtds</driver-ref>
      <synchronize>true</synchronize>
      <jdbc-driver>net.sourceforge.jtds.jdbc.Driver</jdbc-driver>
      <jdbc-url>jdbc:jtds:sqlserver://192.168.168.6:1433/AIO75</jdbc-url>
      <working-dir>$ProjectFileDir$</working-dir>
    </data-source>
    <data-source source="LOCAL" name="kexing-local" group="kexing" uuid="e541fc4d-1b58-4d9e-8fd4-328f94ab3888">
      <driver-ref>sqlserver.jtds</driver-ref>
      <synchronize>true</synchronize>
      <jdbc-driver>net.sourceforge.jtds.jdbc.Driver</jdbc-driver>
      <jdbc-url>jdbc:jtds:sqlserver://192.168.102.252:1433/AIO75</jdbc-url>
      <working-dir>$ProjectFileDir$</working-dir>
    </data-source>
    <data-source source="LOCAL" name="keixng-prod-mes" group="kexing" uuid="ef2e6cf3-b32c-4a4f-a788-10bfff52fbd4">
      <driver-ref>sqlserver.jtds</driver-ref>
      <synchronize>true</synchronize>
      <jdbc-driver>net.sourceforge.jtds.jdbc.Driver</jdbc-driver>
      <jdbc-url>jdbc:jtds:sqlserver://192.168.168.5:1433/AIO5_MES</jdbc-url>
      <working-dir>$ProjectFileDir$</working-dir>
    </data-source>
    <data-source source="LOCAL" name="iot-core_pro" group="iot" uuid="bd688b0d-f4a5-44bf-9232-24024d7aee85">
      <driver-ref>mysql.8</driver-ref>
      <synchronize>true</synchronize>
      <jdbc-driver>com.mysql.cj.jdbc.Driver</jdbc-driver>
      <jdbc-url>jdbc:mysql://10.134.39.242:3306/iot-core</jdbc-url>
      <working-dir>$ProjectFileDir$</working-dir>
    </data-source>
    <data-source source="LOCAL" name="kexing-prod" group="kexing" uuid="07f0527c-3229-4665-a869-4e8571dc0cdd">
      <driver-ref>mysql.8</driver-ref>
      <synchronize>true</synchronize>
      <jdbc-driver>com.mysql.cj.jdbc.Driver</jdbc-driver>
      <jdbc-url>jdbc:mysql://10.134.39.242:3306/kexing_management</jdbc-url>
      <working-dir>$ProjectFileDir$</working-dir>
    </data-source>
    <data-source source="LOCAL" name="dcs_qa" group="dcs" uuid="96e99c08-7031-49e6-b807-3223c36917ee">
      <driver-ref>mysql.8</driver-ref>
      <synchronize>true</synchronize>
      <jdbc-driver>com.mysql.cj.jdbc.Driver</jdbc-driver>
      <jdbc-url>jdbc:mysql://10.234.60.242:3306/dcs_management</jdbc-url>
      <working-dir>$ProjectFileDir$</working-dir>
    </data-source>
    <data-source source="LOCAL" name="localhost" uuid="1d760d7b-b8e7-4923-b5da-969356c9e115">
      <driver-ref>mysql.8</driver-ref>
      <synchronize>true</synchronize>
      <configured-by-url>true</configured-by-url>
      <jdbc-driver>com.mysql.cj.jdbc.Driver</jdbc-driver>
      <jdbc-url>jdbc:mysql://192.168.102.161:3306</jdbc-url>
      <working-dir>$ProjectFileDir$</working-dir>
    </data-source>
    <data-source source="LOCAL" name="keixng-new-prod" group="kexing" uuid="777af75d-881e-4903-91c7-6895fd0ae214">
      <driver-ref>sqlserver.jtds</driver-ref>
      <synchronize>true</synchronize>
      <jdbc-driver>net.sourceforge.jtds.jdbc.Driver</jdbc-driver>
      <jdbc-url>jdbc:jtds:sqlserver://192.168.100.101:1433/AErp8_TX_KXDQ</jdbc-url>
      <working-dir>$ProjectFileDir$</working-dir>
    </data-source>
    <data-source source="LOCAL" name="iot-dev-clickhouse" group="iot" uuid="6dec1017-19ab-479b-8194-7a055b8f90fd">
      <driver-ref>clickhouse</driver-ref>
      <synchronize>true</synchronize>
      <jdbc-driver>com.clickhouse.jdbc.ClickHouseDriver</jdbc-driver>
      <jdbc-url>jdbc:clickhouse://10.234.24.25:8123</jdbc-url>
      <jdbc-additional-properties>
        <property name="com.intellij.clouds.kubernetes.db.enabled" value="false" />
      </jdbc-additional-properties>
      <working-dir>$ProjectFileDir$</working-dir>
    </data-source>
    <data-source source="LOCAL" name="iot-qa" group="iot" uuid="d2992824-e3f9-429e-bf41-99fb0eb068ba">
      <driver-ref>clickhouse</driver-ref>
      <synchronize>true</synchronize>
      <jdbc-driver>com.clickhouse.jdbc.ClickHouseDriver</jdbc-driver>
      <jdbc-url>jdbc:clickhouse://10.234.90.151:8123</jdbc-url>
      <jdbc-additional-properties>
        <property name="com.intellij.clouds.kubernetes.db.enabled" value="false" />
      </jdbc-additional-properties>
      <working-dir>$ProjectFileDir$</working-dir>
    </data-source>
    <data-source source="LOCAL" name="cdc-prod" group="cdc" uuid="f62d8f8d-f16d-4dee-bf26-7aaa28b248ae">
      <driver-ref>mysql.8</driver-ref>
      <synchronize>true</synchronize>
      <jdbc-driver>com.mysql.cj.jdbc.Driver</jdbc-driver>
      <jdbc-url>jdbc:mysql://10.212.44.90:3306</jdbc-url>
      <working-dir>$ProjectFileDir$</working-dir>
    </data-source>
    <data-source source="LOCAL" name="iccip_dev" group="iccip" uuid="22c51b9b-8bd5-477d-beb4-14704113583b">
      <driver-ref>mysql.8</driver-ref>
      <synchronize>true</synchronize>
      <jdbc-driver>com.mysql.cj.jdbc.Driver</jdbc-driver>
      <jdbc-url>jdbc:mysql://10.212.47.227:3306/</jdbc-url>
      <working-dir>$ProjectFileDir$</working-dir>
    </data-source>
    <data-source source="LOCAL" name="mems-postgres-dev" group="mems" uuid="894c2b8c-5375-47a4-9daa-0db46fefbf5c">
      <driver-ref>postgresql</driver-ref>
      <synchronize>true</synchronize>
      <jdbc-driver>org.postgresql.Driver</jdbc-driver>
      <jdbc-url>jdbc:postgresql://10.234.43.185:5432/postgres</jdbc-url>
      <working-dir>$ProjectFileDir$</working-dir>
    </data-source>
    <data-source source="LOCAL" name="mems-postgres-qa" group="mems" uuid="c3860f4e-fbba-4d47-999a-45aee7ddb9ed">
      <driver-ref>postgresql</driver-ref>
      <synchronize>true</synchronize>
      <jdbc-driver>org.postgresql.Driver</jdbc-driver>
      <jdbc-url>jdbc:postgresql://10.234.44.231:5432/postgres</jdbc-url>
      <working-dir>$ProjectFileDir$</working-dir>
    </data-source>
    <data-source source="LOCAL" name="postgre-dev" group="iccip" uuid="3bae3f7c-09fb-444a-81f9-dc2f52364cc6">
      <driver-ref>postgresql</driver-ref>
      <synchronize>true</synchronize>
      <jdbc-driver>org.postgresql.Driver</jdbc-driver>
      <jdbc-url>jdbc:postgresql://10.212.54.54:5432/</jdbc-url>
      <working-dir>$ProjectFileDir$</working-dir>
    </data-source>
    <data-source source="LOCAL" name="cdc-iot-clickhouse-pord" group="cdc" uuid="57a53e35-ba1b-4990-bb3e-90aaacd4a753">
      <driver-ref>clickhouse</driver-ref>
      <synchronize>true</synchronize>
      <jdbc-driver>com.clickhouse.jdbc.ClickHouseDriver</jdbc-driver>
      <jdbc-url>jdbc:clickhouse://10.212.50.95:8123</jdbc-url>
      <jdbc-additional-properties>
        <property name="com.intellij.clouds.kubernetes.db.enabled" value="false" />
      </jdbc-additional-properties>
      <working-dir>$ProjectFileDir$</working-dir>
    </data-source>
    <data-source source="LOCAL" name="iccip_qa" group="iccip" uuid="09be5e74-9020-4124-a2c3-520857f22ecf">
      <driver-ref>mysql.8</driver-ref>
      <synchronize>true</synchronize>
      <jdbc-driver>com.mysql.cj.jdbc.Driver</jdbc-driver>
      <jdbc-url>jdbc:mysql://10.212.18.215:3306/</jdbc-url>
      <working-dir>$ProjectFileDir$</working-dir>
    </data-source>
    <data-source source="LOCAL" name="box-iot" group="box" uuid="ac4b6b99-ca8d-410c-a993-29195fd6cf28">
      <driver-ref>mysql.8</driver-ref>
      <synchronize>true</synchronize>
      <jdbc-driver>com.mysql.cj.jdbc.Driver</jdbc-driver>
      <jdbc-url>jdbc:mysql://192.168.102.152:3306/box-iot</jdbc-url>
      <working-dir>$ProjectFileDir$</working-dir>
    </data-source>
    <data-source source="LOCAL" name="test" group="box" uuid="2fb6e90a-cb0c-4789-ae68-de2261c6406d">
      <driver-ref>mysql.8</driver-ref>
      <synchronize>true</synchronize>
      <jdbc-driver>com.mysql.cj.jdbc.Driver</jdbc-driver>
      <jdbc-url>jdbc:mysql://127.0.0.1:13306/box-iot</jdbc-url>
      <working-dir>$ProjectFileDir$</working-dir>
    </data-source>
    <data-source source="LOCAL" name="procuratorate-mysql-dev" group="procuratorate" uuid="3a402b0e-4fe8-4140-ac67-bad22d9c1dd0">
      <driver-ref>mysql.8</driver-ref>
      <synchronize>true</synchronize>
      <configured-by-url>true</configured-by-url>
      <jdbc-driver>com.mysql.cj.jdbc.Driver</jdbc-driver>
      <jdbc-url>jdbc:mysql://10.234.5.200:3306</jdbc-url>
      <working-dir>$ProjectFileDir$</working-dir>
    </data-source>
    <data-source source="LOCAL" name="state-grid-dev" group="state-grid" uuid="93f9ede0-48e6-4de3-a200-a5ac01ea296d">
      <driver-ref>postgresql</driver-ref>
      <synchronize>true</synchronize>
      <jdbc-driver>org.postgresql.Driver</jdbc-driver>
      <jdbc-url>jdbc:postgresql://10.212.8.145:5432/postgres</jdbc-url>
      <jdbc-additional-properties>
        <property name="com.intellij.clouds.kubernetes.db.enabled" value="false" />
      </jdbc-additional-properties>
      <working-dir>$ProjectFileDir$</working-dir>
    </data-source>
  </component>
</application>