<application>
  <component name="CodeInsightSettings">
    <option name="AUTO_POPUP_PARAMETER_INFO" value="false" />
    <option name="SHOW_FULL_SIGNATURES_IN_PARAMETER_INFO" value="true" />
    <option name="ENABLE_SECOND_REFORMAT" value="true" />
    <option name="ADD_UNAMBIGIOUS_IMPORTS_ON_THE_FLY" value="true" />
  </component>
  <component name="EditorSettings">
    <option name="USE_SOFT_WRAPS" value="CONSOLE" />
    <option name="SHOW_QUICK_DOC_ON_MOUSE_OVER_ELEMENT" value="false" />
    <option name="ENABLE_RENDERED_DOC" value="true" />
  </component>
  <component name="InlayHintsSettings">
    <option name="lastViewedProviderKeyId" value="parameter.hints.old" />
  </component>
  <component name="LiveEditOptions" chromeAutoDelay="10" chromeUpdateJSOnChanges="true" restartIfHotSwapFailed="true" updateFilesToCompile="true" />
  <component name="TodoConfiguration">
    <pattern pattern="\btodo\b.*" />
    <pattern pattern="\bfixme\b.*" />
    <pattern icon="question" pattern="\btodo_lh\b.*" />
    <filter name="todo_lh">
      <pattern index="2" />
    </filter>
  </component>
</application>