<application>
  <component name="DefaultFont">
    <option name="FONT_SIZE" value="16" />
    <option name="FONT_FAMILY" value="WenQuanYi Micro Hei Mono" />
  </component>
  <component name="EditorSettings">
    <option name="SHOW_QUICK_DOC_ON_MOUSE_OVER_ELEMENT" value="false" />
  </component>
  <component name="TodoConfiguration">
    <pattern pattern="\b(todo|fixme)\b.*" />
    <pattern pattern="\btodo_lh\b.*" />
    <filter name="todo_lh">
      <pattern index="1" />
    </filter>
  </component>
</application>