<application>
  <component name="DefaultFont">
    <option name="FONT_SIZE" value="16" />
  </component>
  <component name="EditorSettings">
    <option name="USE_SOFT_WRAPS" value="MAIN_EDITOR" />
  </component>
  <component name="TodoConfiguration">
    <pattern pattern="\btodo\b.*" />
    <pattern pattern="\bfixme\b.*" />
    <pattern icon="question" pattern="\blhtd\b.*" />
    <pattern icon="important" pattern="\blhyh\b.*" />
    <pattern icon="important" pattern="\blhcw\b.*" />
    <filter name="lhtd">
      <pattern index="2" />
    </filter>
    <filter name="lhyh">
      <pattern index="1" />
    </filter>
    <filter name="lhcw">
      <pattern index="4" />
    </filter>
    <filter name="fixme">
      <pattern index="1" />
    </filter>
  </component>
</application>