<application>
  <component name="FindSettings">
    <option name="customScope" value="All Places" />
    <option name="defaultScopeName" value="All Places" />
    <option name="SEARCH_SCOPE" value="All Places" />
    <option name="FILE_MASK" value="*.java" />
    <mask>*.as</mask>
    <mask>*.mxml</mask>
    <mask>*.jsp</mask>
    <mask>*.properties</mask>
    <mask>*.pro</mask>
    <mask>*.css</mask>
    <mask>*.JAVA</mask>
    <mask>*.js</mask>
    <mask>*.html</mask>
    <mask>*.FTL</mask>
    <mask>*.ftl</mask>
    <mask>*</mask>
    <mask>*.xml</mask>
    <mask>*.class</mask>
    <mask>*.java</mask>
  </component>
</application>