<application>
  <component name="ProjectJdkTable">
    <jdk version="2">
      <name value="temurin-17" />
      <type value="JavaSDK" />
      <version value="Eclipse Temurin version 17.0.8" />
      <homePath value="$USER_HOME$/.asdf/installs/java/adoptopenjdk-17.0.8+7" />
      <roots>
        <annotationsPath>
          <root type="composite">
            <root url="jar://$APPLICATION_HOME_DIR$/plugins/java/lib/resources/jdkAnnotations.jar!/" type="simple" />
          </root>
        </annotationsPath>
        <classPath>
          <root type="composite">
            <root url="jrt://$USER_HOME$/.asdf/installs/java/adoptopenjdk-17.0.8+7!/java.base" type="simple" />
            <root url="jrt://$USER_HOME$/.asdf/installs/java/adoptopenjdk-17.0.8+7!/java.compiler" type="simple" />
            <root url="jrt://$USER_HOME$/.asdf/installs/java/adoptopenjdk-17.0.8+7!/java.datatransfer" type="simple" />
            <root url="jrt://$USER_HOME$/.asdf/installs/java/adoptopenjdk-17.0.8+7!/java.desktop" type="simple" />
            <root url="jrt://$USER_HOME$/.asdf/installs/java/adoptopenjdk-17.0.8+7!/java.instrument" type="simple" />
            <root url="jrt://$USER_HOME$/.asdf/installs/java/adoptopenjdk-17.0.8+7!/java.logging" type="simple" />
            <root url="jrt://$USER_HOME$/.asdf/installs/java/adoptopenjdk-17.0.8+7!/java.management" type="simple" />
            <root url="jrt://$USER_HOME$/.asdf/installs/java/adoptopenjdk-17.0.8+7!/java.management.rmi" type="simple" />
            <root url="jrt://$USER_HOME$/.asdf/installs/java/adoptopenjdk-17.0.8+7!/java.naming" type="simple" />
            <root url="jrt://$USER_HOME$/.asdf/installs/java/adoptopenjdk-17.0.8+7!/java.net.http" type="simple" />
            <root url="jrt://$USER_HOME$/.asdf/installs/java/adoptopenjdk-17.0.8+7!/java.prefs" type="simple" />
            <root url="jrt://$USER_HOME$/.asdf/installs/java/adoptopenjdk-17.0.8+7!/java.rmi" type="simple" />
            <root url="jrt://$USER_HOME$/.asdf/installs/java/adoptopenjdk-17.0.8+7!/java.scripting" type="simple" />
            <root url="jrt://$USER_HOME$/.asdf/installs/java/adoptopenjdk-17.0.8+7!/java.se" type="simple" />
            <root url="jrt://$USER_HOME$/.asdf/installs/java/adoptopenjdk-17.0.8+7!/java.security.jgss" type="simple" />
            <root url="jrt://$USER_HOME$/.asdf/installs/java/adoptopenjdk-17.0.8+7!/java.security.sasl" type="simple" />
            <root url="jrt://$USER_HOME$/.asdf/installs/java/adoptopenjdk-17.0.8+7!/java.smartcardio" type="simple" />
            <root url="jrt://$USER_HOME$/.asdf/installs/java/adoptopenjdk-17.0.8+7!/java.sql" type="simple" />
            <root url="jrt://$USER_HOME$/.asdf/installs/java/adoptopenjdk-17.0.8+7!/java.sql.rowset" type="simple" />
            <root url="jrt://$USER_HOME$/.asdf/installs/java/adoptopenjdk-17.0.8+7!/java.transaction.xa" type="simple" />
            <root url="jrt://$USER_HOME$/.asdf/installs/java/adoptopenjdk-17.0.8+7!/java.xml" type="simple" />
            <root url="jrt://$USER_HOME$/.asdf/installs/java/adoptopenjdk-17.0.8+7!/java.xml.crypto" type="simple" />
            <root url="jrt://$USER_HOME$/.asdf/installs/java/adoptopenjdk-17.0.8+7!/jdk.accessibility" type="simple" />
            <root url="jrt://$USER_HOME$/.asdf/installs/java/adoptopenjdk-17.0.8+7!/jdk.attach" type="simple" />
            <root url="jrt://$USER_HOME$/.asdf/installs/java/adoptopenjdk-17.0.8+7!/jdk.charsets" type="simple" />
            <root url="jrt://$USER_HOME$/.asdf/installs/java/adoptopenjdk-17.0.8+7!/jdk.compiler" type="simple" />
            <root url="jrt://$USER_HOME$/.asdf/installs/java/adoptopenjdk-17.0.8+7!/jdk.crypto.cryptoki" type="simple" />
            <root url="jrt://$USER_HOME$/.asdf/installs/java/adoptopenjdk-17.0.8+7!/jdk.crypto.ec" type="simple" />
            <root url="jrt://$USER_HOME$/.asdf/installs/java/adoptopenjdk-17.0.8+7!/jdk.dynalink" type="simple" />
            <root url="jrt://$USER_HOME$/.asdf/installs/java/adoptopenjdk-17.0.8+7!/jdk.editpad" type="simple" />
            <root url="jrt://$USER_HOME$/.asdf/installs/java/adoptopenjdk-17.0.8+7!/jdk.hotspot.agent" type="simple" />
            <root url="jrt://$USER_HOME$/.asdf/installs/java/adoptopenjdk-17.0.8+7!/jdk.httpserver" type="simple" />
            <root url="jrt://$USER_HOME$/.asdf/installs/java/adoptopenjdk-17.0.8+7!/jdk.incubator.foreign" type="simple" />
            <root url="jrt://$USER_HOME$/.asdf/installs/java/adoptopenjdk-17.0.8+7!/jdk.incubator.vector" type="simple" />
            <root url="jrt://$USER_HOME$/.asdf/installs/java/adoptopenjdk-17.0.8+7!/jdk.internal.ed" type="simple" />
            <root url="jrt://$USER_HOME$/.asdf/installs/java/adoptopenjdk-17.0.8+7!/jdk.internal.jvmstat" type="simple" />
            <root url="jrt://$USER_HOME$/.asdf/installs/java/adoptopenjdk-17.0.8+7!/jdk.internal.le" type="simple" />
            <root url="jrt://$USER_HOME$/.asdf/installs/java/adoptopenjdk-17.0.8+7!/jdk.internal.opt" type="simple" />
            <root url="jrt://$USER_HOME$/.asdf/installs/java/adoptopenjdk-17.0.8+7!/jdk.internal.vm.ci" type="simple" />
            <root url="jrt://$USER_HOME$/.asdf/installs/java/adoptopenjdk-17.0.8+7!/jdk.internal.vm.compiler" type="simple" />
            <root url="jrt://$USER_HOME$/.asdf/installs/java/adoptopenjdk-17.0.8+7!/jdk.internal.vm.compiler.management" type="simple" />
            <root url="jrt://$USER_HOME$/.asdf/installs/java/adoptopenjdk-17.0.8+7!/jdk.jartool" type="simple" />
            <root url="jrt://$USER_HOME$/.asdf/installs/java/adoptopenjdk-17.0.8+7!/jdk.javadoc" type="simple" />
            <root url="jrt://$USER_HOME$/.asdf/installs/java/adoptopenjdk-17.0.8+7!/jdk.jcmd" type="simple" />
            <root url="jrt://$USER_HOME$/.asdf/installs/java/adoptopenjdk-17.0.8+7!/jdk.jconsole" type="simple" />
            <root url="jrt://$USER_HOME$/.asdf/installs/java/adoptopenjdk-17.0.8+7!/jdk.jdeps" type="simple" />
            <root url="jrt://$USER_HOME$/.asdf/installs/java/adoptopenjdk-17.0.8+7!/jdk.jdi" type="simple" />
            <root url="jrt://$USER_HOME$/.asdf/installs/java/adoptopenjdk-17.0.8+7!/jdk.jdwp.agent" type="simple" />
            <root url="jrt://$USER_HOME$/.asdf/installs/java/adoptopenjdk-17.0.8+7!/jdk.jfr" type="simple" />
            <root url="jrt://$USER_HOME$/.asdf/installs/java/adoptopenjdk-17.0.8+7!/jdk.jlink" type="simple" />
            <root url="jrt://$USER_HOME$/.asdf/installs/java/adoptopenjdk-17.0.8+7!/jdk.jpackage" type="simple" />
            <root url="jrt://$USER_HOME$/.asdf/installs/java/adoptopenjdk-17.0.8+7!/jdk.jshell" type="simple" />
            <root url="jrt://$USER_HOME$/.asdf/installs/java/adoptopenjdk-17.0.8+7!/jdk.jsobject" type="simple" />
            <root url="jrt://$USER_HOME$/.asdf/installs/java/adoptopenjdk-17.0.8+7!/jdk.jstatd" type="simple" />
            <root url="jrt://$USER_HOME$/.asdf/installs/java/adoptopenjdk-17.0.8+7!/jdk.localedata" type="simple" />
            <root url="jrt://$USER_HOME$/.asdf/installs/java/adoptopenjdk-17.0.8+7!/jdk.management" type="simple" />
            <root url="jrt://$USER_HOME$/.asdf/installs/java/adoptopenjdk-17.0.8+7!/jdk.management.agent" type="simple" />
            <root url="jrt://$USER_HOME$/.asdf/installs/java/adoptopenjdk-17.0.8+7!/jdk.management.jfr" type="simple" />
            <root url="jrt://$USER_HOME$/.asdf/installs/java/adoptopenjdk-17.0.8+7!/jdk.naming.dns" type="simple" />
            <root url="jrt://$USER_HOME$/.asdf/installs/java/adoptopenjdk-17.0.8+7!/jdk.naming.rmi" type="simple" />
            <root url="jrt://$USER_HOME$/.asdf/installs/java/adoptopenjdk-17.0.8+7!/jdk.net" type="simple" />
            <root url="jrt://$USER_HOME$/.asdf/installs/java/adoptopenjdk-17.0.8+7!/jdk.nio.mapmode" type="simple" />
            <root url="jrt://$USER_HOME$/.asdf/installs/java/adoptopenjdk-17.0.8+7!/jdk.random" type="simple" />
            <root url="jrt://$USER_HOME$/.asdf/installs/java/adoptopenjdk-17.0.8+7!/jdk.sctp" type="simple" />
            <root url="jrt://$USER_HOME$/.asdf/installs/java/adoptopenjdk-17.0.8+7!/jdk.security.auth" type="simple" />
            <root url="jrt://$USER_HOME$/.asdf/installs/java/adoptopenjdk-17.0.8+7!/jdk.security.jgss" type="simple" />
            <root url="jrt://$USER_HOME$/.asdf/installs/java/adoptopenjdk-17.0.8+7!/jdk.unsupported" type="simple" />
            <root url="jrt://$USER_HOME$/.asdf/installs/java/adoptopenjdk-17.0.8+7!/jdk.unsupported.desktop" type="simple" />
            <root url="jrt://$USER_HOME$/.asdf/installs/java/adoptopenjdk-17.0.8+7!/jdk.xml.dom" type="simple" />
            <root url="jrt://$USER_HOME$/.asdf/installs/java/adoptopenjdk-17.0.8+7!/jdk.zipfs" type="simple" />
          </root>
        </classPath>
        <javadocPath>
          <root type="composite" />
        </javadocPath>
        <sourcePath>
          <root type="composite">
            <root url="jar://$USER_HOME$/.asdf/installs/java/adoptopenjdk-17.0.8+7/lib/src.zip!/java.se" type="simple" />
            <root url="jar://$USER_HOME$/.asdf/installs/java/adoptopenjdk-17.0.8+7/lib/src.zip!/jdk.jdi" type="simple" />
            <root url="jar://$USER_HOME$/.asdf/installs/java/adoptopenjdk-17.0.8+7/lib/src.zip!/jdk.jfr" type="simple" />
            <root url="jar://$USER_HOME$/.asdf/installs/java/adoptopenjdk-17.0.8+7/lib/src.zip!/jdk.net" type="simple" />
            <root url="jar://$USER_HOME$/.asdf/installs/java/adoptopenjdk-17.0.8+7/lib/src.zip!/java.rmi" type="simple" />
            <root url="jar://$USER_HOME$/.asdf/installs/java/adoptopenjdk-17.0.8+7/lib/src.zip!/java.sql" type="simple" />
            <root url="jar://$USER_HOME$/.asdf/installs/java/adoptopenjdk-17.0.8+7/lib/src.zip!/java.xml" type="simple" />
            <root url="jar://$USER_HOME$/.asdf/installs/java/adoptopenjdk-17.0.8+7/lib/src.zip!/jdk.jcmd" type="simple" />
            <root url="jar://$USER_HOME$/.asdf/installs/java/adoptopenjdk-17.0.8+7/lib/src.zip!/jdk.sctp" type="simple" />
            <root url="jar://$USER_HOME$/.asdf/installs/java/adoptopenjdk-17.0.8+7/lib/src.zip!/java.base" type="simple" />
            <root url="jar://$USER_HOME$/.asdf/installs/java/adoptopenjdk-17.0.8+7/lib/src.zip!/jdk.jdeps" type="simple" />
            <root url="jar://$USER_HOME$/.asdf/installs/java/adoptopenjdk-17.0.8+7/lib/src.zip!/jdk.jlink" type="simple" />
            <root url="jar://$USER_HOME$/.asdf/installs/java/adoptopenjdk-17.0.8+7/lib/src.zip!/jdk.zipfs" type="simple" />
            <root url="jar://$USER_HOME$/.asdf/installs/java/adoptopenjdk-17.0.8+7/lib/src.zip!/java.prefs" type="simple" />
            <root url="jar://$USER_HOME$/.asdf/installs/java/adoptopenjdk-17.0.8+7/lib/src.zip!/jdk.attach" type="simple" />
            <root url="jar://$USER_HOME$/.asdf/installs/java/adoptopenjdk-17.0.8+7/lib/src.zip!/jdk.jshell" type="simple" />
            <root url="jar://$USER_HOME$/.asdf/installs/java/adoptopenjdk-17.0.8+7/lib/src.zip!/jdk.jstatd" type="simple" />
            <root url="jar://$USER_HOME$/.asdf/installs/java/adoptopenjdk-17.0.8+7/lib/src.zip!/jdk.random" type="simple" />
            <root url="jar://$USER_HOME$/.asdf/installs/java/adoptopenjdk-17.0.8+7/lib/src.zip!/java.naming" type="simple" />
            <root url="jar://$USER_HOME$/.asdf/installs/java/adoptopenjdk-17.0.8+7/lib/src.zip!/jdk.editpad" type="simple" />
            <root url="jar://$USER_HOME$/.asdf/installs/java/adoptopenjdk-17.0.8+7/lib/src.zip!/jdk.jartool" type="simple" />
            <root url="jar://$USER_HOME$/.asdf/installs/java/adoptopenjdk-17.0.8+7/lib/src.zip!/jdk.javadoc" type="simple" />
            <root url="jar://$USER_HOME$/.asdf/installs/java/adoptopenjdk-17.0.8+7/lib/src.zip!/jdk.xml.dom" type="simple" />
            <root url="jar://$USER_HOME$/.asdf/installs/java/adoptopenjdk-17.0.8+7/lib/src.zip!/java.desktop" type="simple" />
            <root url="jar://$USER_HOME$/.asdf/installs/java/adoptopenjdk-17.0.8+7/lib/src.zip!/java.logging" type="simple" />
            <root url="jar://$USER_HOME$/.asdf/installs/java/adoptopenjdk-17.0.8+7/lib/src.zip!/jdk.charsets" type="simple" />
            <root url="jar://$USER_HOME$/.asdf/installs/java/adoptopenjdk-17.0.8+7/lib/src.zip!/jdk.compiler" type="simple" />
            <root url="jar://$USER_HOME$/.asdf/installs/java/adoptopenjdk-17.0.8+7/lib/src.zip!/jdk.dynalink" type="simple" />
            <root url="jar://$USER_HOME$/.asdf/installs/java/adoptopenjdk-17.0.8+7/lib/src.zip!/jdk.jconsole" type="simple" />
            <root url="jar://$USER_HOME$/.asdf/installs/java/adoptopenjdk-17.0.8+7/lib/src.zip!/jdk.jpackage" type="simple" />
            <root url="jar://$USER_HOME$/.asdf/installs/java/adoptopenjdk-17.0.8+7/lib/src.zip!/jdk.jsobject" type="simple" />
            <root url="jar://$USER_HOME$/.asdf/installs/java/adoptopenjdk-17.0.8+7/lib/src.zip!/java.compiler" type="simple" />
            <root url="jar://$USER_HOME$/.asdf/installs/java/adoptopenjdk-17.0.8+7/lib/src.zip!/java.net.http" type="simple" />
            <root url="jar://$USER_HOME$/.asdf/installs/java/adoptopenjdk-17.0.8+7/lib/src.zip!/jdk.crypto.ec" type="simple" />
            <root url="jar://$USER_HOME$/.asdf/installs/java/adoptopenjdk-17.0.8+7/lib/src.zip!/java.scripting" type="simple" />
            <root url="jar://$USER_HOME$/.asdf/installs/java/adoptopenjdk-17.0.8+7/lib/src.zip!/jdk.httpserver" type="simple" />
            <root url="jar://$USER_HOME$/.asdf/installs/java/adoptopenjdk-17.0.8+7/lib/src.zip!/jdk.jdwp.agent" type="simple" />
            <root url="jar://$USER_HOME$/.asdf/installs/java/adoptopenjdk-17.0.8+7/lib/src.zip!/jdk.localedata" type="simple" />
            <root url="jar://$USER_HOME$/.asdf/installs/java/adoptopenjdk-17.0.8+7/lib/src.zip!/jdk.management" type="simple" />
            <root url="jar://$USER_HOME$/.asdf/installs/java/adoptopenjdk-17.0.8+7/lib/src.zip!/jdk.naming.dns" type="simple" />
            <root url="jar://$USER_HOME$/.asdf/installs/java/adoptopenjdk-17.0.8+7/lib/src.zip!/jdk.naming.rmi" type="simple" />
            <root url="jar://$USER_HOME$/.asdf/installs/java/adoptopenjdk-17.0.8+7/lib/src.zip!/java.instrument" type="simple" />
            <root url="jar://$USER_HOME$/.asdf/installs/java/adoptopenjdk-17.0.8+7/lib/src.zip!/java.management" type="simple" />
            <root url="jar://$USER_HOME$/.asdf/installs/java/adoptopenjdk-17.0.8+7/lib/src.zip!/java.sql.rowset" type="simple" />
            <root url="jar://$USER_HOME$/.asdf/installs/java/adoptopenjdk-17.0.8+7/lib/src.zip!/java.xml.crypto" type="simple" />
            <root url="jar://$USER_HOME$/.asdf/installs/java/adoptopenjdk-17.0.8+7/lib/src.zip!/jdk.internal.ed" type="simple" />
            <root url="jar://$USER_HOME$/.asdf/installs/java/adoptopenjdk-17.0.8+7/lib/src.zip!/jdk.internal.le" type="simple" />
            <root url="jar://$USER_HOME$/.asdf/installs/java/adoptopenjdk-17.0.8+7/lib/src.zip!/jdk.nio.mapmode" type="simple" />
            <root url="jar://$USER_HOME$/.asdf/installs/java/adoptopenjdk-17.0.8+7/lib/src.zip!/jdk.unsupported" type="simple" />
            <root url="jar://$USER_HOME$/.asdf/installs/java/adoptopenjdk-17.0.8+7/lib/src.zip!/java.smartcardio" type="simple" />
            <root url="jar://$USER_HOME$/.asdf/installs/java/adoptopenjdk-17.0.8+7/lib/src.zip!/jdk.internal.opt" type="simple" />
            <root url="jar://$USER_HOME$/.asdf/installs/java/adoptopenjdk-17.0.8+7/lib/src.zip!/java.datatransfer" type="simple" />
            <root url="jar://$USER_HOME$/.asdf/installs/java/adoptopenjdk-17.0.8+7/lib/src.zip!/jdk.accessibility" type="simple" />
            <root url="jar://$USER_HOME$/.asdf/installs/java/adoptopenjdk-17.0.8+7/lib/src.zip!/jdk.hotspot.agent" type="simple" />
            <root url="jar://$USER_HOME$/.asdf/installs/java/adoptopenjdk-17.0.8+7/lib/src.zip!/jdk.security.auth" type="simple" />
            <root url="jar://$USER_HOME$/.asdf/installs/java/adoptopenjdk-17.0.8+7/lib/src.zip!/jdk.security.jgss" type="simple" />
            <root url="jar://$USER_HOME$/.asdf/installs/java/adoptopenjdk-17.0.8+7/lib/src.zip!/java.security.jgss" type="simple" />
            <root url="jar://$USER_HOME$/.asdf/installs/java/adoptopenjdk-17.0.8+7/lib/src.zip!/java.security.sasl" type="simple" />
            <root url="jar://$USER_HOME$/.asdf/installs/java/adoptopenjdk-17.0.8+7/lib/src.zip!/jdk.internal.vm.ci" type="simple" />
            <root url="jar://$USER_HOME$/.asdf/installs/java/adoptopenjdk-17.0.8+7/lib/src.zip!/jdk.management.jfr" type="simple" />
            <root url="jar://$USER_HOME$/.asdf/installs/java/adoptopenjdk-17.0.8+7/lib/src.zip!/java.management.rmi" type="simple" />
            <root url="jar://$USER_HOME$/.asdf/installs/java/adoptopenjdk-17.0.8+7/lib/src.zip!/java.transaction.xa" type="simple" />
            <root url="jar://$USER_HOME$/.asdf/installs/java/adoptopenjdk-17.0.8+7/lib/src.zip!/jdk.crypto.cryptoki" type="simple" />
            <root url="jar://$USER_HOME$/.asdf/installs/java/adoptopenjdk-17.0.8+7/lib/src.zip!/jdk.incubator.vector" type="simple" />
            <root url="jar://$USER_HOME$/.asdf/installs/java/adoptopenjdk-17.0.8+7/lib/src.zip!/jdk.internal.jvmstat" type="simple" />
            <root url="jar://$USER_HOME$/.asdf/installs/java/adoptopenjdk-17.0.8+7/lib/src.zip!/jdk.management.agent" type="simple" />
            <root url="jar://$USER_HOME$/.asdf/installs/java/adoptopenjdk-17.0.8+7/lib/src.zip!/jdk.incubator.foreign" type="simple" />
            <root url="jar://$USER_HOME$/.asdf/installs/java/adoptopenjdk-17.0.8+7/lib/src.zip!/jdk.unsupported.desktop" type="simple" />
            <root url="jar://$USER_HOME$/.asdf/installs/java/adoptopenjdk-17.0.8+7/lib/src.zip!/jdk.internal.vm.compiler" type="simple" />
            <root url="jar://$USER_HOME$/.asdf/installs/java/adoptopenjdk-17.0.8+7/lib/src.zip!/jdk.internal.vm.compiler.management" type="simple" />
          </root>
        </sourcePath>
      </roots>
      <additional />
    </jdk>
    <jdk version="2">
      <name value="corretto-11" />
      <type value="JavaSDK" />
      <version value="Amazon Corretto version 11.0.20" />
      <homePath value="$USER_HOME$/.jdks/corretto-11.0.20.1" />
      <roots>
        <annotationsPath>
          <root type="composite">
            <root url="jar://$APPLICATION_HOME_DIR$/plugins/java/lib/resources/jdkAnnotations.jar!/" type="simple" />
          </root>
        </annotationsPath>
        <classPath>
          <root type="composite">
            <root url="jrt://$USER_HOME$/.jdks/corretto-11.0.20.1!/java.base" type="simple" />
            <root url="jrt://$USER_HOME$/.jdks/corretto-11.0.20.1!/java.compiler" type="simple" />
            <root url="jrt://$USER_HOME$/.jdks/corretto-11.0.20.1!/java.datatransfer" type="simple" />
            <root url="jrt://$USER_HOME$/.jdks/corretto-11.0.20.1!/java.desktop" type="simple" />
            <root url="jrt://$USER_HOME$/.jdks/corretto-11.0.20.1!/java.instrument" type="simple" />
            <root url="jrt://$USER_HOME$/.jdks/corretto-11.0.20.1!/java.logging" type="simple" />
            <root url="jrt://$USER_HOME$/.jdks/corretto-11.0.20.1!/java.management" type="simple" />
            <root url="jrt://$USER_HOME$/.jdks/corretto-11.0.20.1!/java.management.rmi" type="simple" />
            <root url="jrt://$USER_HOME$/.jdks/corretto-11.0.20.1!/java.naming" type="simple" />
            <root url="jrt://$USER_HOME$/.jdks/corretto-11.0.20.1!/java.net.http" type="simple" />
            <root url="jrt://$USER_HOME$/.jdks/corretto-11.0.20.1!/java.prefs" type="simple" />
            <root url="jrt://$USER_HOME$/.jdks/corretto-11.0.20.1!/java.rmi" type="simple" />
            <root url="jrt://$USER_HOME$/.jdks/corretto-11.0.20.1!/java.scripting" type="simple" />
            <root url="jrt://$USER_HOME$/.jdks/corretto-11.0.20.1!/java.se" type="simple" />
            <root url="jrt://$USER_HOME$/.jdks/corretto-11.0.20.1!/java.security.jgss" type="simple" />
            <root url="jrt://$USER_HOME$/.jdks/corretto-11.0.20.1!/java.security.sasl" type="simple" />
            <root url="jrt://$USER_HOME$/.jdks/corretto-11.0.20.1!/java.smartcardio" type="simple" />
            <root url="jrt://$USER_HOME$/.jdks/corretto-11.0.20.1!/java.sql" type="simple" />
            <root url="jrt://$USER_HOME$/.jdks/corretto-11.0.20.1!/java.sql.rowset" type="simple" />
            <root url="jrt://$USER_HOME$/.jdks/corretto-11.0.20.1!/java.transaction.xa" type="simple" />
            <root url="jrt://$USER_HOME$/.jdks/corretto-11.0.20.1!/java.xml" type="simple" />
            <root url="jrt://$USER_HOME$/.jdks/corretto-11.0.20.1!/java.xml.crypto" type="simple" />
            <root url="jrt://$USER_HOME$/.jdks/corretto-11.0.20.1!/jdk.accessibility" type="simple" />
            <root url="jrt://$USER_HOME$/.jdks/corretto-11.0.20.1!/jdk.aot" type="simple" />
            <root url="jrt://$USER_HOME$/.jdks/corretto-11.0.20.1!/jdk.attach" type="simple" />
            <root url="jrt://$USER_HOME$/.jdks/corretto-11.0.20.1!/jdk.charsets" type="simple" />
            <root url="jrt://$USER_HOME$/.jdks/corretto-11.0.20.1!/jdk.compiler" type="simple" />
            <root url="jrt://$USER_HOME$/.jdks/corretto-11.0.20.1!/jdk.crypto.cryptoki" type="simple" />
            <root url="jrt://$USER_HOME$/.jdks/corretto-11.0.20.1!/jdk.crypto.ec" type="simple" />
            <root url="jrt://$USER_HOME$/.jdks/corretto-11.0.20.1!/jdk.dynalink" type="simple" />
            <root url="jrt://$USER_HOME$/.jdks/corretto-11.0.20.1!/jdk.editpad" type="simple" />
            <root url="jrt://$USER_HOME$/.jdks/corretto-11.0.20.1!/jdk.hotspot.agent" type="simple" />
            <root url="jrt://$USER_HOME$/.jdks/corretto-11.0.20.1!/jdk.httpserver" type="simple" />
            <root url="jrt://$USER_HOME$/.jdks/corretto-11.0.20.1!/jdk.internal.ed" type="simple" />
            <root url="jrt://$USER_HOME$/.jdks/corretto-11.0.20.1!/jdk.internal.jvmstat" type="simple" />
            <root url="jrt://$USER_HOME$/.jdks/corretto-11.0.20.1!/jdk.internal.le" type="simple" />
            <root url="jrt://$USER_HOME$/.jdks/corretto-11.0.20.1!/jdk.internal.opt" type="simple" />
            <root url="jrt://$USER_HOME$/.jdks/corretto-11.0.20.1!/jdk.internal.vm.ci" type="simple" />
            <root url="jrt://$USER_HOME$/.jdks/corretto-11.0.20.1!/jdk.internal.vm.compiler" type="simple" />
            <root url="jrt://$USER_HOME$/.jdks/corretto-11.0.20.1!/jdk.internal.vm.compiler.management" type="simple" />
            <root url="jrt://$USER_HOME$/.jdks/corretto-11.0.20.1!/jdk.jartool" type="simple" />
            <root url="jrt://$USER_HOME$/.jdks/corretto-11.0.20.1!/jdk.javadoc" type="simple" />
            <root url="jrt://$USER_HOME$/.jdks/corretto-11.0.20.1!/jdk.jcmd" type="simple" />
            <root url="jrt://$USER_HOME$/.jdks/corretto-11.0.20.1!/jdk.jconsole" type="simple" />
            <root url="jrt://$USER_HOME$/.jdks/corretto-11.0.20.1!/jdk.jdeps" type="simple" />
            <root url="jrt://$USER_HOME$/.jdks/corretto-11.0.20.1!/jdk.jdi" type="simple" />
            <root url="jrt://$USER_HOME$/.jdks/corretto-11.0.20.1!/jdk.jdwp.agent" type="simple" />
            <root url="jrt://$USER_HOME$/.jdks/corretto-11.0.20.1!/jdk.jfr" type="simple" />
            <root url="jrt://$USER_HOME$/.jdks/corretto-11.0.20.1!/jdk.jlink" type="simple" />
            <root url="jrt://$USER_HOME$/.jdks/corretto-11.0.20.1!/jdk.jshell" type="simple" />
            <root url="jrt://$USER_HOME$/.jdks/corretto-11.0.20.1!/jdk.jsobject" type="simple" />
            <root url="jrt://$USER_HOME$/.jdks/corretto-11.0.20.1!/jdk.jstatd" type="simple" />
            <root url="jrt://$USER_HOME$/.jdks/corretto-11.0.20.1!/jdk.localedata" type="simple" />
            <root url="jrt://$USER_HOME$/.jdks/corretto-11.0.20.1!/jdk.management" type="simple" />
            <root url="jrt://$USER_HOME$/.jdks/corretto-11.0.20.1!/jdk.management.agent" type="simple" />
            <root url="jrt://$USER_HOME$/.jdks/corretto-11.0.20.1!/jdk.management.jfr" type="simple" />
            <root url="jrt://$USER_HOME$/.jdks/corretto-11.0.20.1!/jdk.naming.dns" type="simple" />
            <root url="jrt://$USER_HOME$/.jdks/corretto-11.0.20.1!/jdk.naming.ldap" type="simple" />
            <root url="jrt://$USER_HOME$/.jdks/corretto-11.0.20.1!/jdk.naming.rmi" type="simple" />
            <root url="jrt://$USER_HOME$/.jdks/corretto-11.0.20.1!/jdk.net" type="simple" />
            <root url="jrt://$USER_HOME$/.jdks/corretto-11.0.20.1!/jdk.pack" type="simple" />
            <root url="jrt://$USER_HOME$/.jdks/corretto-11.0.20.1!/jdk.rmic" type="simple" />
            <root url="jrt://$USER_HOME$/.jdks/corretto-11.0.20.1!/jdk.scripting.nashorn" type="simple" />
            <root url="jrt://$USER_HOME$/.jdks/corretto-11.0.20.1!/jdk.scripting.nashorn.shell" type="simple" />
            <root url="jrt://$USER_HOME$/.jdks/corretto-11.0.20.1!/jdk.sctp" type="simple" />
            <root url="jrt://$USER_HOME$/.jdks/corretto-11.0.20.1!/jdk.security.auth" type="simple" />
            <root url="jrt://$USER_HOME$/.jdks/corretto-11.0.20.1!/jdk.security.jgss" type="simple" />
            <root url="jrt://$USER_HOME$/.jdks/corretto-11.0.20.1!/jdk.unsupported" type="simple" />
            <root url="jrt://$USER_HOME$/.jdks/corretto-11.0.20.1!/jdk.unsupported.desktop" type="simple" />
            <root url="jrt://$USER_HOME$/.jdks/corretto-11.0.20.1!/jdk.xml.dom" type="simple" />
            <root url="jrt://$USER_HOME$/.jdks/corretto-11.0.20.1!/jdk.zipfs" type="simple" />
          </root>
        </classPath>
        <javadocPath>
          <root type="composite" />
        </javadocPath>
        <sourcePath>
          <root type="composite">
            <root url="jar://$USER_HOME$/.jdks/corretto-11.0.20.1/lib/src.zip!/java.se" type="simple" />
            <root url="jar://$USER_HOME$/.jdks/corretto-11.0.20.1/lib/src.zip!/jdk.aot" type="simple" />
            <root url="jar://$USER_HOME$/.jdks/corretto-11.0.20.1/lib/src.zip!/jdk.jdi" type="simple" />
            <root url="jar://$USER_HOME$/.jdks/corretto-11.0.20.1/lib/src.zip!/jdk.jfr" type="simple" />
            <root url="jar://$USER_HOME$/.jdks/corretto-11.0.20.1/lib/src.zip!/jdk.net" type="simple" />
            <root url="jar://$USER_HOME$/.jdks/corretto-11.0.20.1/lib/src.zip!/java.rmi" type="simple" />
            <root url="jar://$USER_HOME$/.jdks/corretto-11.0.20.1/lib/src.zip!/java.sql" type="simple" />
            <root url="jar://$USER_HOME$/.jdks/corretto-11.0.20.1/lib/src.zip!/java.xml" type="simple" />
            <root url="jar://$USER_HOME$/.jdks/corretto-11.0.20.1/lib/src.zip!/jdk.jcmd" type="simple" />
            <root url="jar://$USER_HOME$/.jdks/corretto-11.0.20.1/lib/src.zip!/jdk.pack" type="simple" />
            <root url="jar://$USER_HOME$/.jdks/corretto-11.0.20.1/lib/src.zip!/jdk.rmic" type="simple" />
            <root url="jar://$USER_HOME$/.jdks/corretto-11.0.20.1/lib/src.zip!/jdk.sctp" type="simple" />
            <root url="jar://$USER_HOME$/.jdks/corretto-11.0.20.1/lib/src.zip!/java.base" type="simple" />
            <root url="jar://$USER_HOME$/.jdks/corretto-11.0.20.1/lib/src.zip!/jdk.jdeps" type="simple" />
            <root url="jar://$USER_HOME$/.jdks/corretto-11.0.20.1/lib/src.zip!/jdk.jlink" type="simple" />
            <root url="jar://$USER_HOME$/.jdks/corretto-11.0.20.1/lib/src.zip!/jdk.zipfs" type="simple" />
            <root url="jar://$USER_HOME$/.jdks/corretto-11.0.20.1/lib/src.zip!/java.prefs" type="simple" />
            <root url="jar://$USER_HOME$/.jdks/corretto-11.0.20.1/lib/src.zip!/jdk.attach" type="simple" />
            <root url="jar://$USER_HOME$/.jdks/corretto-11.0.20.1/lib/src.zip!/jdk.jshell" type="simple" />
            <root url="jar://$USER_HOME$/.jdks/corretto-11.0.20.1/lib/src.zip!/jdk.jstatd" type="simple" />
            <root url="jar://$USER_HOME$/.jdks/corretto-11.0.20.1/lib/src.zip!/java.naming" type="simple" />
            <root url="jar://$USER_HOME$/.jdks/corretto-11.0.20.1/lib/src.zip!/jdk.editpad" type="simple" />
            <root url="jar://$USER_HOME$/.jdks/corretto-11.0.20.1/lib/src.zip!/jdk.jartool" type="simple" />
            <root url="jar://$USER_HOME$/.jdks/corretto-11.0.20.1/lib/src.zip!/jdk.javadoc" type="simple" />
            <root url="jar://$USER_HOME$/.jdks/corretto-11.0.20.1/lib/src.zip!/jdk.xml.dom" type="simple" />
            <root url="jar://$USER_HOME$/.jdks/corretto-11.0.20.1/lib/src.zip!/java.desktop" type="simple" />
            <root url="jar://$USER_HOME$/.jdks/corretto-11.0.20.1/lib/src.zip!/java.logging" type="simple" />
            <root url="jar://$USER_HOME$/.jdks/corretto-11.0.20.1/lib/src.zip!/jdk.charsets" type="simple" />
            <root url="jar://$USER_HOME$/.jdks/corretto-11.0.20.1/lib/src.zip!/jdk.compiler" type="simple" />
            <root url="jar://$USER_HOME$/.jdks/corretto-11.0.20.1/lib/src.zip!/jdk.dynalink" type="simple" />
            <root url="jar://$USER_HOME$/.jdks/corretto-11.0.20.1/lib/src.zip!/jdk.jconsole" type="simple" />
            <root url="jar://$USER_HOME$/.jdks/corretto-11.0.20.1/lib/src.zip!/jdk.jsobject" type="simple" />
            <root url="jar://$USER_HOME$/.jdks/corretto-11.0.20.1/lib/src.zip!/java.compiler" type="simple" />
            <root url="jar://$USER_HOME$/.jdks/corretto-11.0.20.1/lib/src.zip!/java.net.http" type="simple" />
            <root url="jar://$USER_HOME$/.jdks/corretto-11.0.20.1/lib/src.zip!/jdk.crypto.ec" type="simple" />
            <root url="jar://$USER_HOME$/.jdks/corretto-11.0.20.1/lib/src.zip!/java.scripting" type="simple" />
            <root url="jar://$USER_HOME$/.jdks/corretto-11.0.20.1/lib/src.zip!/jdk.httpserver" type="simple" />
            <root url="jar://$USER_HOME$/.jdks/corretto-11.0.20.1/lib/src.zip!/jdk.jdwp.agent" type="simple" />
            <root url="jar://$USER_HOME$/.jdks/corretto-11.0.20.1/lib/src.zip!/jdk.localedata" type="simple" />
            <root url="jar://$USER_HOME$/.jdks/corretto-11.0.20.1/lib/src.zip!/jdk.management" type="simple" />
            <root url="jar://$USER_HOME$/.jdks/corretto-11.0.20.1/lib/src.zip!/jdk.naming.dns" type="simple" />
            <root url="jar://$USER_HOME$/.jdks/corretto-11.0.20.1/lib/src.zip!/jdk.naming.rmi" type="simple" />
            <root url="jar://$USER_HOME$/.jdks/corretto-11.0.20.1/lib/src.zip!/java.instrument" type="simple" />
            <root url="jar://$USER_HOME$/.jdks/corretto-11.0.20.1/lib/src.zip!/java.management" type="simple" />
            <root url="jar://$USER_HOME$/.jdks/corretto-11.0.20.1/lib/src.zip!/java.sql.rowset" type="simple" />
            <root url="jar://$USER_HOME$/.jdks/corretto-11.0.20.1/lib/src.zip!/java.xml.crypto" type="simple" />
            <root url="jar://$USER_HOME$/.jdks/corretto-11.0.20.1/lib/src.zip!/jdk.internal.ed" type="simple" />
            <root url="jar://$USER_HOME$/.jdks/corretto-11.0.20.1/lib/src.zip!/jdk.internal.le" type="simple" />
            <root url="jar://$USER_HOME$/.jdks/corretto-11.0.20.1/lib/src.zip!/jdk.naming.ldap" type="simple" />
            <root url="jar://$USER_HOME$/.jdks/corretto-11.0.20.1/lib/src.zip!/jdk.unsupported" type="simple" />
            <root url="jar://$USER_HOME$/.jdks/corretto-11.0.20.1/lib/src.zip!/java.smartcardio" type="simple" />
            <root url="jar://$USER_HOME$/.jdks/corretto-11.0.20.1/lib/src.zip!/jdk.internal.opt" type="simple" />
            <root url="jar://$USER_HOME$/.jdks/corretto-11.0.20.1/lib/src.zip!/java.datatransfer" type="simple" />
            <root url="jar://$USER_HOME$/.jdks/corretto-11.0.20.1/lib/src.zip!/jdk.accessibility" type="simple" />
            <root url="jar://$USER_HOME$/.jdks/corretto-11.0.20.1/lib/src.zip!/jdk.hotspot.agent" type="simple" />
            <root url="jar://$USER_HOME$/.jdks/corretto-11.0.20.1/lib/src.zip!/jdk.security.auth" type="simple" />
            <root url="jar://$USER_HOME$/.jdks/corretto-11.0.20.1/lib/src.zip!/jdk.security.jgss" type="simple" />
            <root url="jar://$USER_HOME$/.jdks/corretto-11.0.20.1/lib/src.zip!/java.security.jgss" type="simple" />
            <root url="jar://$USER_HOME$/.jdks/corretto-11.0.20.1/lib/src.zip!/java.security.sasl" type="simple" />
            <root url="jar://$USER_HOME$/.jdks/corretto-11.0.20.1/lib/src.zip!/jdk.internal.vm.ci" type="simple" />
            <root url="jar://$USER_HOME$/.jdks/corretto-11.0.20.1/lib/src.zip!/jdk.management.jfr" type="simple" />
            <root url="jar://$USER_HOME$/.jdks/corretto-11.0.20.1/lib/src.zip!/java.management.rmi" type="simple" />
            <root url="jar://$USER_HOME$/.jdks/corretto-11.0.20.1/lib/src.zip!/java.transaction.xa" type="simple" />
            <root url="jar://$USER_HOME$/.jdks/corretto-11.0.20.1/lib/src.zip!/jdk.crypto.cryptoki" type="simple" />
            <root url="jar://$USER_HOME$/.jdks/corretto-11.0.20.1/lib/src.zip!/jdk.internal.jvmstat" type="simple" />
            <root url="jar://$USER_HOME$/.jdks/corretto-11.0.20.1/lib/src.zip!/jdk.management.agent" type="simple" />
            <root url="jar://$USER_HOME$/.jdks/corretto-11.0.20.1/lib/src.zip!/jdk.scripting.nashorn" type="simple" />
            <root url="jar://$USER_HOME$/.jdks/corretto-11.0.20.1/lib/src.zip!/jdk.unsupported.desktop" type="simple" />
            <root url="jar://$USER_HOME$/.jdks/corretto-11.0.20.1/lib/src.zip!/jdk.internal.vm.compiler" type="simple" />
            <root url="jar://$USER_HOME$/.jdks/corretto-11.0.20.1/lib/src.zip!/jdk.scripting.nashorn.shell" type="simple" />
            <root url="jar://$USER_HOME$/.jdks/corretto-11.0.20.1/lib/src.zip!/jdk.internal.vm.compiler.management" type="simple" />
          </root>
        </sourcePath>
      </roots>
      <additional />
    </jdk>
    <jdk version="2">
      <name value="adopt-11" />
      <type value="JavaSDK" />
      <version value="AdoptOpenJDK (HotSpot) version 11.0.1" />
      <homePath value="$USER_HOME$/.asdf/installs/java/adoptopenjdk-11.0.1+13" />
      <roots>
        <annotationsPath>
          <root type="composite">
            <root url="jar://$APPLICATION_HOME_DIR$/plugins/java/lib/resources/jdkAnnotations.jar!/" type="simple" />
          </root>
        </annotationsPath>
        <classPath>
          <root type="composite">
            <root url="jrt://$USER_HOME$/.asdf/installs/java/adoptopenjdk-11.0.1+13!/java.base" type="simple" />
            <root url="jrt://$USER_HOME$/.asdf/installs/java/adoptopenjdk-11.0.1+13!/java.compiler" type="simple" />
            <root url="jrt://$USER_HOME$/.asdf/installs/java/adoptopenjdk-11.0.1+13!/java.datatransfer" type="simple" />
            <root url="jrt://$USER_HOME$/.asdf/installs/java/adoptopenjdk-11.0.1+13!/java.desktop" type="simple" />
            <root url="jrt://$USER_HOME$/.asdf/installs/java/adoptopenjdk-11.0.1+13!/java.instrument" type="simple" />
            <root url="jrt://$USER_HOME$/.asdf/installs/java/adoptopenjdk-11.0.1+13!/java.logging" type="simple" />
            <root url="jrt://$USER_HOME$/.asdf/installs/java/adoptopenjdk-11.0.1+13!/java.management" type="simple" />
            <root url="jrt://$USER_HOME$/.asdf/installs/java/adoptopenjdk-11.0.1+13!/java.management.rmi" type="simple" />
            <root url="jrt://$USER_HOME$/.asdf/installs/java/adoptopenjdk-11.0.1+13!/java.naming" type="simple" />
            <root url="jrt://$USER_HOME$/.asdf/installs/java/adoptopenjdk-11.0.1+13!/java.net.http" type="simple" />
            <root url="jrt://$USER_HOME$/.asdf/installs/java/adoptopenjdk-11.0.1+13!/java.prefs" type="simple" />
            <root url="jrt://$USER_HOME$/.asdf/installs/java/adoptopenjdk-11.0.1+13!/java.rmi" type="simple" />
            <root url="jrt://$USER_HOME$/.asdf/installs/java/adoptopenjdk-11.0.1+13!/java.scripting" type="simple" />
            <root url="jrt://$USER_HOME$/.asdf/installs/java/adoptopenjdk-11.0.1+13!/java.se" type="simple" />
            <root url="jrt://$USER_HOME$/.asdf/installs/java/adoptopenjdk-11.0.1+13!/java.security.jgss" type="simple" />
            <root url="jrt://$USER_HOME$/.asdf/installs/java/adoptopenjdk-11.0.1+13!/java.security.sasl" type="simple" />
            <root url="jrt://$USER_HOME$/.asdf/installs/java/adoptopenjdk-11.0.1+13!/java.smartcardio" type="simple" />
            <root url="jrt://$USER_HOME$/.asdf/installs/java/adoptopenjdk-11.0.1+13!/java.sql" type="simple" />
            <root url="jrt://$USER_HOME$/.asdf/installs/java/adoptopenjdk-11.0.1+13!/java.sql.rowset" type="simple" />
            <root url="jrt://$USER_HOME$/.asdf/installs/java/adoptopenjdk-11.0.1+13!/java.transaction.xa" type="simple" />
            <root url="jrt://$USER_HOME$/.asdf/installs/java/adoptopenjdk-11.0.1+13!/java.xml" type="simple" />
            <root url="jrt://$USER_HOME$/.asdf/installs/java/adoptopenjdk-11.0.1+13!/java.xml.crypto" type="simple" />
            <root url="jrt://$USER_HOME$/.asdf/installs/java/adoptopenjdk-11.0.1+13!/jdk.accessibility" type="simple" />
            <root url="jrt://$USER_HOME$/.asdf/installs/java/adoptopenjdk-11.0.1+13!/jdk.aot" type="simple" />
            <root url="jrt://$USER_HOME$/.asdf/installs/java/adoptopenjdk-11.0.1+13!/jdk.attach" type="simple" />
            <root url="jrt://$USER_HOME$/.asdf/installs/java/adoptopenjdk-11.0.1+13!/jdk.charsets" type="simple" />
            <root url="jrt://$USER_HOME$/.asdf/installs/java/adoptopenjdk-11.0.1+13!/jdk.compiler" type="simple" />
            <root url="jrt://$USER_HOME$/.asdf/installs/java/adoptopenjdk-11.0.1+13!/jdk.crypto.cryptoki" type="simple" />
            <root url="jrt://$USER_HOME$/.asdf/installs/java/adoptopenjdk-11.0.1+13!/jdk.crypto.ec" type="simple" />
            <root url="jrt://$USER_HOME$/.asdf/installs/java/adoptopenjdk-11.0.1+13!/jdk.dynalink" type="simple" />
            <root url="jrt://$USER_HOME$/.asdf/installs/java/adoptopenjdk-11.0.1+13!/jdk.editpad" type="simple" />
            <root url="jrt://$USER_HOME$/.asdf/installs/java/adoptopenjdk-11.0.1+13!/jdk.hotspot.agent" type="simple" />
            <root url="jrt://$USER_HOME$/.asdf/installs/java/adoptopenjdk-11.0.1+13!/jdk.httpserver" type="simple" />
            <root url="jrt://$USER_HOME$/.asdf/installs/java/adoptopenjdk-11.0.1+13!/jdk.internal.ed" type="simple" />
            <root url="jrt://$USER_HOME$/.asdf/installs/java/adoptopenjdk-11.0.1+13!/jdk.internal.jvmstat" type="simple" />
            <root url="jrt://$USER_HOME$/.asdf/installs/java/adoptopenjdk-11.0.1+13!/jdk.internal.le" type="simple" />
            <root url="jrt://$USER_HOME$/.asdf/installs/java/adoptopenjdk-11.0.1+13!/jdk.internal.opt" type="simple" />
            <root url="jrt://$USER_HOME$/.asdf/installs/java/adoptopenjdk-11.0.1+13!/jdk.internal.vm.ci" type="simple" />
            <root url="jrt://$USER_HOME$/.asdf/installs/java/adoptopenjdk-11.0.1+13!/jdk.internal.vm.compiler" type="simple" />
            <root url="jrt://$USER_HOME$/.asdf/installs/java/adoptopenjdk-11.0.1+13!/jdk.internal.vm.compiler.management" type="simple" />
            <root url="jrt://$USER_HOME$/.asdf/installs/java/adoptopenjdk-11.0.1+13!/jdk.jartool" type="simple" />
            <root url="jrt://$USER_HOME$/.asdf/installs/java/adoptopenjdk-11.0.1+13!/jdk.javadoc" type="simple" />
            <root url="jrt://$USER_HOME$/.asdf/installs/java/adoptopenjdk-11.0.1+13!/jdk.jcmd" type="simple" />
            <root url="jrt://$USER_HOME$/.asdf/installs/java/adoptopenjdk-11.0.1+13!/jdk.jconsole" type="simple" />
            <root url="jrt://$USER_HOME$/.asdf/installs/java/adoptopenjdk-11.0.1+13!/jdk.jdeps" type="simple" />
            <root url="jrt://$USER_HOME$/.asdf/installs/java/adoptopenjdk-11.0.1+13!/jdk.jdi" type="simple" />
            <root url="jrt://$USER_HOME$/.asdf/installs/java/adoptopenjdk-11.0.1+13!/jdk.jdwp.agent" type="simple" />
            <root url="jrt://$USER_HOME$/.asdf/installs/java/adoptopenjdk-11.0.1+13!/jdk.jfr" type="simple" />
            <root url="jrt://$USER_HOME$/.asdf/installs/java/adoptopenjdk-11.0.1+13!/jdk.jlink" type="simple" />
            <root url="jrt://$USER_HOME$/.asdf/installs/java/adoptopenjdk-11.0.1+13!/jdk.jshell" type="simple" />
            <root url="jrt://$USER_HOME$/.asdf/installs/java/adoptopenjdk-11.0.1+13!/jdk.jsobject" type="simple" />
            <root url="jrt://$USER_HOME$/.asdf/installs/java/adoptopenjdk-11.0.1+13!/jdk.jstatd" type="simple" />
            <root url="jrt://$USER_HOME$/.asdf/installs/java/adoptopenjdk-11.0.1+13!/jdk.localedata" type="simple" />
            <root url="jrt://$USER_HOME$/.asdf/installs/java/adoptopenjdk-11.0.1+13!/jdk.management" type="simple" />
            <root url="jrt://$USER_HOME$/.asdf/installs/java/adoptopenjdk-11.0.1+13!/jdk.management.agent" type="simple" />
            <root url="jrt://$USER_HOME$/.asdf/installs/java/adoptopenjdk-11.0.1+13!/jdk.management.jfr" type="simple" />
            <root url="jrt://$USER_HOME$/.asdf/installs/java/adoptopenjdk-11.0.1+13!/jdk.naming.dns" type="simple" />
            <root url="jrt://$USER_HOME$/.asdf/installs/java/adoptopenjdk-11.0.1+13!/jdk.naming.rmi" type="simple" />
            <root url="jrt://$USER_HOME$/.asdf/installs/java/adoptopenjdk-11.0.1+13!/jdk.net" type="simple" />
            <root url="jrt://$USER_HOME$/.asdf/installs/java/adoptopenjdk-11.0.1+13!/jdk.pack" type="simple" />
            <root url="jrt://$USER_HOME$/.asdf/installs/java/adoptopenjdk-11.0.1+13!/jdk.rmic" type="simple" />
            <root url="jrt://$USER_HOME$/.asdf/installs/java/adoptopenjdk-11.0.1+13!/jdk.scripting.nashorn" type="simple" />
            <root url="jrt://$USER_HOME$/.asdf/installs/java/adoptopenjdk-11.0.1+13!/jdk.scripting.nashorn.shell" type="simple" />
            <root url="jrt://$USER_HOME$/.asdf/installs/java/adoptopenjdk-11.0.1+13!/jdk.sctp" type="simple" />
            <root url="jrt://$USER_HOME$/.asdf/installs/java/adoptopenjdk-11.0.1+13!/jdk.security.auth" type="simple" />
            <root url="jrt://$USER_HOME$/.asdf/installs/java/adoptopenjdk-11.0.1+13!/jdk.security.jgss" type="simple" />
            <root url="jrt://$USER_HOME$/.asdf/installs/java/adoptopenjdk-11.0.1+13!/jdk.unsupported" type="simple" />
            <root url="jrt://$USER_HOME$/.asdf/installs/java/adoptopenjdk-11.0.1+13!/jdk.unsupported.desktop" type="simple" />
            <root url="jrt://$USER_HOME$/.asdf/installs/java/adoptopenjdk-11.0.1+13!/jdk.xml.dom" type="simple" />
            <root url="jrt://$USER_HOME$/.asdf/installs/java/adoptopenjdk-11.0.1+13!/jdk.zipfs" type="simple" />
          </root>
        </classPath>
        <javadocPath>
          <root type="composite" />
        </javadocPath>
        <sourcePath>
          <root type="composite">
            <root url="jar://$USER_HOME$/.asdf/installs/java/adoptopenjdk-11.0.1+13/lib/src.zip!/java.se" type="simple" />
            <root url="jar://$USER_HOME$/.asdf/installs/java/adoptopenjdk-11.0.1+13/lib/src.zip!/jdk.aot" type="simple" />
            <root url="jar://$USER_HOME$/.asdf/installs/java/adoptopenjdk-11.0.1+13/lib/src.zip!/jdk.jdi" type="simple" />
            <root url="jar://$USER_HOME$/.asdf/installs/java/adoptopenjdk-11.0.1+13/lib/src.zip!/jdk.jfr" type="simple" />
            <root url="jar://$USER_HOME$/.asdf/installs/java/adoptopenjdk-11.0.1+13/lib/src.zip!/jdk.net" type="simple" />
            <root url="jar://$USER_HOME$/.asdf/installs/java/adoptopenjdk-11.0.1+13/lib/src.zip!/java.rmi" type="simple" />
            <root url="jar://$USER_HOME$/.asdf/installs/java/adoptopenjdk-11.0.1+13/lib/src.zip!/java.sql" type="simple" />
            <root url="jar://$USER_HOME$/.asdf/installs/java/adoptopenjdk-11.0.1+13/lib/src.zip!/java.xml" type="simple" />
            <root url="jar://$USER_HOME$/.asdf/installs/java/adoptopenjdk-11.0.1+13/lib/src.zip!/jdk.jcmd" type="simple" />
            <root url="jar://$USER_HOME$/.asdf/installs/java/adoptopenjdk-11.0.1+13/lib/src.zip!/jdk.pack" type="simple" />
            <root url="jar://$USER_HOME$/.asdf/installs/java/adoptopenjdk-11.0.1+13/lib/src.zip!/jdk.rmic" type="simple" />
            <root url="jar://$USER_HOME$/.asdf/installs/java/adoptopenjdk-11.0.1+13/lib/src.zip!/jdk.sctp" type="simple" />
            <root url="jar://$USER_HOME$/.asdf/installs/java/adoptopenjdk-11.0.1+13/lib/src.zip!/java.base" type="simple" />
            <root url="jar://$USER_HOME$/.asdf/installs/java/adoptopenjdk-11.0.1+13/lib/src.zip!/jdk.jdeps" type="simple" />
            <root url="jar://$USER_HOME$/.asdf/installs/java/adoptopenjdk-11.0.1+13/lib/src.zip!/jdk.jlink" type="simple" />
            <root url="jar://$USER_HOME$/.asdf/installs/java/adoptopenjdk-11.0.1+13/lib/src.zip!/jdk.zipfs" type="simple" />
            <root url="jar://$USER_HOME$/.asdf/installs/java/adoptopenjdk-11.0.1+13/lib/src.zip!/java.prefs" type="simple" />
            <root url="jar://$USER_HOME$/.asdf/installs/java/adoptopenjdk-11.0.1+13/lib/src.zip!/jdk.attach" type="simple" />
            <root url="jar://$USER_HOME$/.asdf/installs/java/adoptopenjdk-11.0.1+13/lib/src.zip!/jdk.jshell" type="simple" />
            <root url="jar://$USER_HOME$/.asdf/installs/java/adoptopenjdk-11.0.1+13/lib/src.zip!/jdk.jstatd" type="simple" />
            <root url="jar://$USER_HOME$/.asdf/installs/java/adoptopenjdk-11.0.1+13/lib/src.zip!/java.naming" type="simple" />
            <root url="jar://$USER_HOME$/.asdf/installs/java/adoptopenjdk-11.0.1+13/lib/src.zip!/jdk.editpad" type="simple" />
            <root url="jar://$USER_HOME$/.asdf/installs/java/adoptopenjdk-11.0.1+13/lib/src.zip!/jdk.jartool" type="simple" />
            <root url="jar://$USER_HOME$/.asdf/installs/java/adoptopenjdk-11.0.1+13/lib/src.zip!/jdk.javadoc" type="simple" />
            <root url="jar://$USER_HOME$/.asdf/installs/java/adoptopenjdk-11.0.1+13/lib/src.zip!/jdk.xml.dom" type="simple" />
            <root url="jar://$USER_HOME$/.asdf/installs/java/adoptopenjdk-11.0.1+13/lib/src.zip!/java.desktop" type="simple" />
            <root url="jar://$USER_HOME$/.asdf/installs/java/adoptopenjdk-11.0.1+13/lib/src.zip!/java.logging" type="simple" />
            <root url="jar://$USER_HOME$/.asdf/installs/java/adoptopenjdk-11.0.1+13/lib/src.zip!/jdk.charsets" type="simple" />
            <root url="jar://$USER_HOME$/.asdf/installs/java/adoptopenjdk-11.0.1+13/lib/src.zip!/jdk.compiler" type="simple" />
            <root url="jar://$USER_HOME$/.asdf/installs/java/adoptopenjdk-11.0.1+13/lib/src.zip!/jdk.dynalink" type="simple" />
            <root url="jar://$USER_HOME$/.asdf/installs/java/adoptopenjdk-11.0.1+13/lib/src.zip!/jdk.jconsole" type="simple" />
            <root url="jar://$USER_HOME$/.asdf/installs/java/adoptopenjdk-11.0.1+13/lib/src.zip!/jdk.jsobject" type="simple" />
            <root url="jar://$USER_HOME$/.asdf/installs/java/adoptopenjdk-11.0.1+13/lib/src.zip!/java.compiler" type="simple" />
            <root url="jar://$USER_HOME$/.asdf/installs/java/adoptopenjdk-11.0.1+13/lib/src.zip!/java.net.http" type="simple" />
            <root url="jar://$USER_HOME$/.asdf/installs/java/adoptopenjdk-11.0.1+13/lib/src.zip!/jdk.crypto.ec" type="simple" />
            <root url="jar://$USER_HOME$/.asdf/installs/java/adoptopenjdk-11.0.1+13/lib/src.zip!/java.scripting" type="simple" />
            <root url="jar://$USER_HOME$/.asdf/installs/java/adoptopenjdk-11.0.1+13/lib/src.zip!/jdk.httpserver" type="simple" />
            <root url="jar://$USER_HOME$/.asdf/installs/java/adoptopenjdk-11.0.1+13/lib/src.zip!/jdk.jdwp.agent" type="simple" />
            <root url="jar://$USER_HOME$/.asdf/installs/java/adoptopenjdk-11.0.1+13/lib/src.zip!/jdk.localedata" type="simple" />
            <root url="jar://$USER_HOME$/.asdf/installs/java/adoptopenjdk-11.0.1+13/lib/src.zip!/jdk.management" type="simple" />
            <root url="jar://$USER_HOME$/.asdf/installs/java/adoptopenjdk-11.0.1+13/lib/src.zip!/jdk.naming.dns" type="simple" />
            <root url="jar://$USER_HOME$/.asdf/installs/java/adoptopenjdk-11.0.1+13/lib/src.zip!/jdk.naming.rmi" type="simple" />
            <root url="jar://$USER_HOME$/.asdf/installs/java/adoptopenjdk-11.0.1+13/lib/src.zip!/java.instrument" type="simple" />
            <root url="jar://$USER_HOME$/.asdf/installs/java/adoptopenjdk-11.0.1+13/lib/src.zip!/java.management" type="simple" />
            <root url="jar://$USER_HOME$/.asdf/installs/java/adoptopenjdk-11.0.1+13/lib/src.zip!/java.sql.rowset" type="simple" />
            <root url="jar://$USER_HOME$/.asdf/installs/java/adoptopenjdk-11.0.1+13/lib/src.zip!/java.xml.crypto" type="simple" />
            <root url="jar://$USER_HOME$/.asdf/installs/java/adoptopenjdk-11.0.1+13/lib/src.zip!/jdk.internal.ed" type="simple" />
            <root url="jar://$USER_HOME$/.asdf/installs/java/adoptopenjdk-11.0.1+13/lib/src.zip!/jdk.internal.le" type="simple" />
            <root url="jar://$USER_HOME$/.asdf/installs/java/adoptopenjdk-11.0.1+13/lib/src.zip!/jdk.unsupported" type="simple" />
            <root url="jar://$USER_HOME$/.asdf/installs/java/adoptopenjdk-11.0.1+13/lib/src.zip!/java.smartcardio" type="simple" />
            <root url="jar://$USER_HOME$/.asdf/installs/java/adoptopenjdk-11.0.1+13/lib/src.zip!/jdk.internal.opt" type="simple" />
            <root url="jar://$USER_HOME$/.asdf/installs/java/adoptopenjdk-11.0.1+13/lib/src.zip!/java.datatransfer" type="simple" />
            <root url="jar://$USER_HOME$/.asdf/installs/java/adoptopenjdk-11.0.1+13/lib/src.zip!/jdk.accessibility" type="simple" />
            <root url="jar://$USER_HOME$/.asdf/installs/java/adoptopenjdk-11.0.1+13/lib/src.zip!/jdk.hotspot.agent" type="simple" />
            <root url="jar://$USER_HOME$/.asdf/installs/java/adoptopenjdk-11.0.1+13/lib/src.zip!/jdk.security.auth" type="simple" />
            <root url="jar://$USER_HOME$/.asdf/installs/java/adoptopenjdk-11.0.1+13/lib/src.zip!/jdk.security.jgss" type="simple" />
            <root url="jar://$USER_HOME$/.asdf/installs/java/adoptopenjdk-11.0.1+13/lib/src.zip!/java.security.jgss" type="simple" />
            <root url="jar://$USER_HOME$/.asdf/installs/java/adoptopenjdk-11.0.1+13/lib/src.zip!/java.security.sasl" type="simple" />
            <root url="jar://$USER_HOME$/.asdf/installs/java/adoptopenjdk-11.0.1+13/lib/src.zip!/jdk.internal.vm.ci" type="simple" />
            <root url="jar://$USER_HOME$/.asdf/installs/java/adoptopenjdk-11.0.1+13/lib/src.zip!/jdk.management.jfr" type="simple" />
            <root url="jar://$USER_HOME$/.asdf/installs/java/adoptopenjdk-11.0.1+13/lib/src.zip!/java.management.rmi" type="simple" />
            <root url="jar://$USER_HOME$/.asdf/installs/java/adoptopenjdk-11.0.1+13/lib/src.zip!/java.transaction.xa" type="simple" />
            <root url="jar://$USER_HOME$/.asdf/installs/java/adoptopenjdk-11.0.1+13/lib/src.zip!/jdk.crypto.cryptoki" type="simple" />
            <root url="jar://$USER_HOME$/.asdf/installs/java/adoptopenjdk-11.0.1+13/lib/src.zip!/jdk.internal.jvmstat" type="simple" />
            <root url="jar://$USER_HOME$/.asdf/installs/java/adoptopenjdk-11.0.1+13/lib/src.zip!/jdk.management.agent" type="simple" />
            <root url="jar://$USER_HOME$/.asdf/installs/java/adoptopenjdk-11.0.1+13/lib/src.zip!/jdk.scripting.nashorn" type="simple" />
            <root url="jar://$USER_HOME$/.asdf/installs/java/adoptopenjdk-11.0.1+13/lib/src.zip!/jdk.unsupported.desktop" type="simple" />
            <root url="jar://$USER_HOME$/.asdf/installs/java/adoptopenjdk-11.0.1+13/lib/src.zip!/jdk.internal.vm.compiler" type="simple" />
            <root url="jar://$USER_HOME$/.asdf/installs/java/adoptopenjdk-11.0.1+13/lib/src.zip!/jdk.scripting.nashorn.shell" type="simple" />
            <root url="jar://$USER_HOME$/.asdf/installs/java/adoptopenjdk-11.0.1+13/lib/src.zip!/jdk.internal.vm.compiler.management" type="simple" />
          </root>
        </sourcePath>
      </roots>
      <additional />
    </jdk>
    <jdk version="2">
      <name value="temurin-1.8" />
      <type value="JavaSDK" />
      <version value="Eclipse Temurin version 1.8.0_382" />
      <homePath value="$USER_HOME$/.asdf/installs/java/adoptopenjdk-8.0.382+5" />
      <roots>
        <annotationsPath>
          <root type="composite">
            <root url="jar://$APPLICATION_HOME_DIR$/plugins/java/lib/resources/jdkAnnotations.jar!/" type="simple" />
          </root>
        </annotationsPath>
        <classPath>
          <root type="composite">
            <root url="jar://$USER_HOME$/.asdf/installs/java/adoptopenjdk-8.0.382+5/jre/lib/charsets.jar!/" type="simple" />
            <root url="jar://$USER_HOME$/.asdf/installs/java/adoptopenjdk-8.0.382+5/jre/lib/ext/cldrdata.jar!/" type="simple" />
            <root url="jar://$USER_HOME$/.asdf/installs/java/adoptopenjdk-8.0.382+5/jre/lib/ext/dnsns.jar!/" type="simple" />
            <root url="jar://$USER_HOME$/.asdf/installs/java/adoptopenjdk-8.0.382+5/jre/lib/ext/jaccess.jar!/" type="simple" />
            <root url="jar://$USER_HOME$/.asdf/installs/java/adoptopenjdk-8.0.382+5/jre/lib/ext/localedata.jar!/" type="simple" />
            <root url="jar://$USER_HOME$/.asdf/installs/java/adoptopenjdk-8.0.382+5/jre/lib/ext/nashorn.jar!/" type="simple" />
            <root url="jar://$USER_HOME$/.asdf/installs/java/adoptopenjdk-8.0.382+5/jre/lib/ext/sunec.jar!/" type="simple" />
            <root url="jar://$USER_HOME$/.asdf/installs/java/adoptopenjdk-8.0.382+5/jre/lib/ext/sunjce_provider.jar!/" type="simple" />
            <root url="jar://$USER_HOME$/.asdf/installs/java/adoptopenjdk-8.0.382+5/jre/lib/ext/sunpkcs11.jar!/" type="simple" />
            <root url="jar://$USER_HOME$/.asdf/installs/java/adoptopenjdk-8.0.382+5/jre/lib/ext/zipfs.jar!/" type="simple" />
            <root url="jar://$USER_HOME$/.asdf/installs/java/adoptopenjdk-8.0.382+5/jre/lib/jce.jar!/" type="simple" />
            <root url="jar://$USER_HOME$/.asdf/installs/java/adoptopenjdk-8.0.382+5/jre/lib/jfr.jar!/" type="simple" />
            <root url="jar://$USER_HOME$/.asdf/installs/java/adoptopenjdk-8.0.382+5/jre/lib/jsse.jar!/" type="simple" />
            <root url="jar://$USER_HOME$/.asdf/installs/java/adoptopenjdk-8.0.382+5/jre/lib/management-agent.jar!/" type="simple" />
            <root url="jar://$USER_HOME$/.asdf/installs/java/adoptopenjdk-8.0.382+5/jre/lib/resources.jar!/" type="simple" />
            <root url="jar://$USER_HOME$/.asdf/installs/java/adoptopenjdk-8.0.382+5/jre/lib/rt.jar!/" type="simple" />
          </root>
        </classPath>
        <javadocPath>
          <root type="composite" />
        </javadocPath>
        <sourcePath>
          <root type="composite">
            <root url="jar://$USER_HOME$/.asdf/installs/java/adoptopenjdk-8.0.382+5/src.zip!/" type="simple" />
          </root>
        </sourcePath>
      </roots>
      <additional />
    </jdk>
    <jdk version="2">
      <name value="17" />
      <type value="JavaSDK" />
      <version value="java version &quot;17.0.8&quot;" />
      <homePath value="$USER_HOME$/.asdf/installs/java/adoptopenjdk-17.0.8+7" />
      <roots>
        <annotationsPath>
          <root type="composite">
            <root url="jar://$APPLICATION_HOME_DIR$/plugins/java/lib/resources/jdkAnnotations.jar!/" type="simple" />
          </root>
        </annotationsPath>
        <classPath>
          <root type="composite">
            <root url="jrt://$USER_HOME$/.asdf/installs/java/adoptopenjdk-17.0.8+7!/java.base" type="simple" />
            <root url="jrt://$USER_HOME$/.asdf/installs/java/adoptopenjdk-17.0.8+7!/java.compiler" type="simple" />
            <root url="jrt://$USER_HOME$/.asdf/installs/java/adoptopenjdk-17.0.8+7!/java.datatransfer" type="simple" />
            <root url="jrt://$USER_HOME$/.asdf/installs/java/adoptopenjdk-17.0.8+7!/java.desktop" type="simple" />
            <root url="jrt://$USER_HOME$/.asdf/installs/java/adoptopenjdk-17.0.8+7!/java.instrument" type="simple" />
            <root url="jrt://$USER_HOME$/.asdf/installs/java/adoptopenjdk-17.0.8+7!/java.logging" type="simple" />
            <root url="jrt://$USER_HOME$/.asdf/installs/java/adoptopenjdk-17.0.8+7!/java.management" type="simple" />
            <root url="jrt://$USER_HOME$/.asdf/installs/java/adoptopenjdk-17.0.8+7!/java.management.rmi" type="simple" />
            <root url="jrt://$USER_HOME$/.asdf/installs/java/adoptopenjdk-17.0.8+7!/java.naming" type="simple" />
            <root url="jrt://$USER_HOME$/.asdf/installs/java/adoptopenjdk-17.0.8+7!/java.net.http" type="simple" />
            <root url="jrt://$USER_HOME$/.asdf/installs/java/adoptopenjdk-17.0.8+7!/java.prefs" type="simple" />
            <root url="jrt://$USER_HOME$/.asdf/installs/java/adoptopenjdk-17.0.8+7!/java.rmi" type="simple" />
            <root url="jrt://$USER_HOME$/.asdf/installs/java/adoptopenjdk-17.0.8+7!/java.scripting" type="simple" />
            <root url="jrt://$USER_HOME$/.asdf/installs/java/adoptopenjdk-17.0.8+7!/java.se" type="simple" />
            <root url="jrt://$USER_HOME$/.asdf/installs/java/adoptopenjdk-17.0.8+7!/java.security.jgss" type="simple" />
            <root url="jrt://$USER_HOME$/.asdf/installs/java/adoptopenjdk-17.0.8+7!/java.security.sasl" type="simple" />
            <root url="jrt://$USER_HOME$/.asdf/installs/java/adoptopenjdk-17.0.8+7!/java.smartcardio" type="simple" />
            <root url="jrt://$USER_HOME$/.asdf/installs/java/adoptopenjdk-17.0.8+7!/java.sql" type="simple" />
            <root url="jrt://$USER_HOME$/.asdf/installs/java/adoptopenjdk-17.0.8+7!/java.sql.rowset" type="simple" />
            <root url="jrt://$USER_HOME$/.asdf/installs/java/adoptopenjdk-17.0.8+7!/java.transaction.xa" type="simple" />
            <root url="jrt://$USER_HOME$/.asdf/installs/java/adoptopenjdk-17.0.8+7!/java.xml" type="simple" />
            <root url="jrt://$USER_HOME$/.asdf/installs/java/adoptopenjdk-17.0.8+7!/java.xml.crypto" type="simple" />
            <root url="jrt://$USER_HOME$/.asdf/installs/java/adoptopenjdk-17.0.8+7!/jdk.accessibility" type="simple" />
            <root url="jrt://$USER_HOME$/.asdf/installs/java/adoptopenjdk-17.0.8+7!/jdk.attach" type="simple" />
            <root url="jrt://$USER_HOME$/.asdf/installs/java/adoptopenjdk-17.0.8+7!/jdk.charsets" type="simple" />
            <root url="jrt://$USER_HOME$/.asdf/installs/java/adoptopenjdk-17.0.8+7!/jdk.compiler" type="simple" />
            <root url="jrt://$USER_HOME$/.asdf/installs/java/adoptopenjdk-17.0.8+7!/jdk.crypto.cryptoki" type="simple" />
            <root url="jrt://$USER_HOME$/.asdf/installs/java/adoptopenjdk-17.0.8+7!/jdk.crypto.ec" type="simple" />
            <root url="jrt://$USER_HOME$/.asdf/installs/java/adoptopenjdk-17.0.8+7!/jdk.dynalink" type="simple" />
            <root url="jrt://$USER_HOME$/.asdf/installs/java/adoptopenjdk-17.0.8+7!/jdk.editpad" type="simple" />
            <root url="jrt://$USER_HOME$/.asdf/installs/java/adoptopenjdk-17.0.8+7!/jdk.hotspot.agent" type="simple" />
            <root url="jrt://$USER_HOME$/.asdf/installs/java/adoptopenjdk-17.0.8+7!/jdk.httpserver" type="simple" />
            <root url="jrt://$USER_HOME$/.asdf/installs/java/adoptopenjdk-17.0.8+7!/jdk.incubator.foreign" type="simple" />
            <root url="jrt://$USER_HOME$/.asdf/installs/java/adoptopenjdk-17.0.8+7!/jdk.incubator.vector" type="simple" />
            <root url="jrt://$USER_HOME$/.asdf/installs/java/adoptopenjdk-17.0.8+7!/jdk.internal.ed" type="simple" />
            <root url="jrt://$USER_HOME$/.asdf/installs/java/adoptopenjdk-17.0.8+7!/jdk.internal.jvmstat" type="simple" />
            <root url="jrt://$USER_HOME$/.asdf/installs/java/adoptopenjdk-17.0.8+7!/jdk.internal.le" type="simple" />
            <root url="jrt://$USER_HOME$/.asdf/installs/java/adoptopenjdk-17.0.8+7!/jdk.internal.opt" type="simple" />
            <root url="jrt://$USER_HOME$/.asdf/installs/java/adoptopenjdk-17.0.8+7!/jdk.internal.vm.ci" type="simple" />
            <root url="jrt://$USER_HOME$/.asdf/installs/java/adoptopenjdk-17.0.8+7!/jdk.internal.vm.compiler" type="simple" />
            <root url="jrt://$USER_HOME$/.asdf/installs/java/adoptopenjdk-17.0.8+7!/jdk.internal.vm.compiler.management" type="simple" />
            <root url="jrt://$USER_HOME$/.asdf/installs/java/adoptopenjdk-17.0.8+7!/jdk.jartool" type="simple" />
            <root url="jrt://$USER_HOME$/.asdf/installs/java/adoptopenjdk-17.0.8+7!/jdk.javadoc" type="simple" />
            <root url="jrt://$USER_HOME$/.asdf/installs/java/adoptopenjdk-17.0.8+7!/jdk.jcmd" type="simple" />
            <root url="jrt://$USER_HOME$/.asdf/installs/java/adoptopenjdk-17.0.8+7!/jdk.jconsole" type="simple" />
            <root url="jrt://$USER_HOME$/.asdf/installs/java/adoptopenjdk-17.0.8+7!/jdk.jdeps" type="simple" />
            <root url="jrt://$USER_HOME$/.asdf/installs/java/adoptopenjdk-17.0.8+7!/jdk.jdi" type="simple" />
            <root url="jrt://$USER_HOME$/.asdf/installs/java/adoptopenjdk-17.0.8+7!/jdk.jdwp.agent" type="simple" />
            <root url="jrt://$USER_HOME$/.asdf/installs/java/adoptopenjdk-17.0.8+7!/jdk.jfr" type="simple" />
            <root url="jrt://$USER_HOME$/.asdf/installs/java/adoptopenjdk-17.0.8+7!/jdk.jlink" type="simple" />
            <root url="jrt://$USER_HOME$/.asdf/installs/java/adoptopenjdk-17.0.8+7!/jdk.jpackage" type="simple" />
            <root url="jrt://$USER_HOME$/.asdf/installs/java/adoptopenjdk-17.0.8+7!/jdk.jshell" type="simple" />
            <root url="jrt://$USER_HOME$/.asdf/installs/java/adoptopenjdk-17.0.8+7!/jdk.jsobject" type="simple" />
            <root url="jrt://$USER_HOME$/.asdf/installs/java/adoptopenjdk-17.0.8+7!/jdk.jstatd" type="simple" />
            <root url="jrt://$USER_HOME$/.asdf/installs/java/adoptopenjdk-17.0.8+7!/jdk.localedata" type="simple" />
            <root url="jrt://$USER_HOME$/.asdf/installs/java/adoptopenjdk-17.0.8+7!/jdk.management" type="simple" />
            <root url="jrt://$USER_HOME$/.asdf/installs/java/adoptopenjdk-17.0.8+7!/jdk.management.agent" type="simple" />
            <root url="jrt://$USER_HOME$/.asdf/installs/java/adoptopenjdk-17.0.8+7!/jdk.management.jfr" type="simple" />
            <root url="jrt://$USER_HOME$/.asdf/installs/java/adoptopenjdk-17.0.8+7!/jdk.naming.dns" type="simple" />
            <root url="jrt://$USER_HOME$/.asdf/installs/java/adoptopenjdk-17.0.8+7!/jdk.naming.rmi" type="simple" />
            <root url="jrt://$USER_HOME$/.asdf/installs/java/adoptopenjdk-17.0.8+7!/jdk.net" type="simple" />
            <root url="jrt://$USER_HOME$/.asdf/installs/java/adoptopenjdk-17.0.8+7!/jdk.nio.mapmode" type="simple" />
            <root url="jrt://$USER_HOME$/.asdf/installs/java/adoptopenjdk-17.0.8+7!/jdk.random" type="simple" />
            <root url="jrt://$USER_HOME$/.asdf/installs/java/adoptopenjdk-17.0.8+7!/jdk.sctp" type="simple" />
            <root url="jrt://$USER_HOME$/.asdf/installs/java/adoptopenjdk-17.0.8+7!/jdk.security.auth" type="simple" />
            <root url="jrt://$USER_HOME$/.asdf/installs/java/adoptopenjdk-17.0.8+7!/jdk.security.jgss" type="simple" />
            <root url="jrt://$USER_HOME$/.asdf/installs/java/adoptopenjdk-17.0.8+7!/jdk.unsupported" type="simple" />
            <root url="jrt://$USER_HOME$/.asdf/installs/java/adoptopenjdk-17.0.8+7!/jdk.unsupported.desktop" type="simple" />
            <root url="jrt://$USER_HOME$/.asdf/installs/java/adoptopenjdk-17.0.8+7!/jdk.xml.dom" type="simple" />
            <root url="jrt://$USER_HOME$/.asdf/installs/java/adoptopenjdk-17.0.8+7!/jdk.zipfs" type="simple" />
          </root>
        </classPath>
        <javadocPath>
          <root type="composite" />
        </javadocPath>
        <sourcePath>
          <root type="composite">
            <root url="jar://$USER_HOME$/.asdf/installs/java/adoptopenjdk-17.0.8+7/lib/src.zip!/java.se" type="simple" />
            <root url="jar://$USER_HOME$/.asdf/installs/java/adoptopenjdk-17.0.8+7/lib/src.zip!/jdk.jdi" type="simple" />
            <root url="jar://$USER_HOME$/.asdf/installs/java/adoptopenjdk-17.0.8+7/lib/src.zip!/jdk.jfr" type="simple" />
            <root url="jar://$USER_HOME$/.asdf/installs/java/adoptopenjdk-17.0.8+7/lib/src.zip!/jdk.net" type="simple" />
            <root url="jar://$USER_HOME$/.asdf/installs/java/adoptopenjdk-17.0.8+7/lib/src.zip!/java.rmi" type="simple" />
            <root url="jar://$USER_HOME$/.asdf/installs/java/adoptopenjdk-17.0.8+7/lib/src.zip!/java.sql" type="simple" />
            <root url="jar://$USER_HOME$/.asdf/installs/java/adoptopenjdk-17.0.8+7/lib/src.zip!/java.xml" type="simple" />
            <root url="jar://$USER_HOME$/.asdf/installs/java/adoptopenjdk-17.0.8+7/lib/src.zip!/jdk.jcmd" type="simple" />
            <root url="jar://$USER_HOME$/.asdf/installs/java/adoptopenjdk-17.0.8+7/lib/src.zip!/jdk.sctp" type="simple" />
            <root url="jar://$USER_HOME$/.asdf/installs/java/adoptopenjdk-17.0.8+7/lib/src.zip!/java.base" type="simple" />
            <root url="jar://$USER_HOME$/.asdf/installs/java/adoptopenjdk-17.0.8+7/lib/src.zip!/jdk.jdeps" type="simple" />
            <root url="jar://$USER_HOME$/.asdf/installs/java/adoptopenjdk-17.0.8+7/lib/src.zip!/jdk.jlink" type="simple" />
            <root url="jar://$USER_HOME$/.asdf/installs/java/adoptopenjdk-17.0.8+7/lib/src.zip!/jdk.zipfs" type="simple" />
            <root url="jar://$USER_HOME$/.asdf/installs/java/adoptopenjdk-17.0.8+7/lib/src.zip!/java.prefs" type="simple" />
            <root url="jar://$USER_HOME$/.asdf/installs/java/adoptopenjdk-17.0.8+7/lib/src.zip!/jdk.attach" type="simple" />
            <root url="jar://$USER_HOME$/.asdf/installs/java/adoptopenjdk-17.0.8+7/lib/src.zip!/jdk.jshell" type="simple" />
            <root url="jar://$USER_HOME$/.asdf/installs/java/adoptopenjdk-17.0.8+7/lib/src.zip!/jdk.jstatd" type="simple" />
            <root url="jar://$USER_HOME$/.asdf/installs/java/adoptopenjdk-17.0.8+7/lib/src.zip!/jdk.random" type="simple" />
            <root url="jar://$USER_HOME$/.asdf/installs/java/adoptopenjdk-17.0.8+7/lib/src.zip!/java.naming" type="simple" />
            <root url="jar://$USER_HOME$/.asdf/installs/java/adoptopenjdk-17.0.8+7/lib/src.zip!/jdk.editpad" type="simple" />
            <root url="jar://$USER_HOME$/.asdf/installs/java/adoptopenjdk-17.0.8+7/lib/src.zip!/jdk.jartool" type="simple" />
            <root url="jar://$USER_HOME$/.asdf/installs/java/adoptopenjdk-17.0.8+7/lib/src.zip!/jdk.javadoc" type="simple" />
            <root url="jar://$USER_HOME$/.asdf/installs/java/adoptopenjdk-17.0.8+7/lib/src.zip!/jdk.xml.dom" type="simple" />
            <root url="jar://$USER_HOME$/.asdf/installs/java/adoptopenjdk-17.0.8+7/lib/src.zip!/java.desktop" type="simple" />
            <root url="jar://$USER_HOME$/.asdf/installs/java/adoptopenjdk-17.0.8+7/lib/src.zip!/java.logging" type="simple" />
            <root url="jar://$USER_HOME$/.asdf/installs/java/adoptopenjdk-17.0.8+7/lib/src.zip!/jdk.charsets" type="simple" />
            <root url="jar://$USER_HOME$/.asdf/installs/java/adoptopenjdk-17.0.8+7/lib/src.zip!/jdk.compiler" type="simple" />
            <root url="jar://$USER_HOME$/.asdf/installs/java/adoptopenjdk-17.0.8+7/lib/src.zip!/jdk.dynalink" type="simple" />
            <root url="jar://$USER_HOME$/.asdf/installs/java/adoptopenjdk-17.0.8+7/lib/src.zip!/jdk.jconsole" type="simple" />
            <root url="jar://$USER_HOME$/.asdf/installs/java/adoptopenjdk-17.0.8+7/lib/src.zip!/jdk.jpackage" type="simple" />
            <root url="jar://$USER_HOME$/.asdf/installs/java/adoptopenjdk-17.0.8+7/lib/src.zip!/jdk.jsobject" type="simple" />
            <root url="jar://$USER_HOME$/.asdf/installs/java/adoptopenjdk-17.0.8+7/lib/src.zip!/java.compiler" type="simple" />
            <root url="jar://$USER_HOME$/.asdf/installs/java/adoptopenjdk-17.0.8+7/lib/src.zip!/java.net.http" type="simple" />
            <root url="jar://$USER_HOME$/.asdf/installs/java/adoptopenjdk-17.0.8+7/lib/src.zip!/jdk.crypto.ec" type="simple" />
            <root url="jar://$USER_HOME$/.asdf/installs/java/adoptopenjdk-17.0.8+7/lib/src.zip!/java.scripting" type="simple" />
            <root url="jar://$USER_HOME$/.asdf/installs/java/adoptopenjdk-17.0.8+7/lib/src.zip!/jdk.httpserver" type="simple" />
            <root url="jar://$USER_HOME$/.asdf/installs/java/adoptopenjdk-17.0.8+7/lib/src.zip!/jdk.jdwp.agent" type="simple" />
            <root url="jar://$USER_HOME$/.asdf/installs/java/adoptopenjdk-17.0.8+7/lib/src.zip!/jdk.localedata" type="simple" />
            <root url="jar://$USER_HOME$/.asdf/installs/java/adoptopenjdk-17.0.8+7/lib/src.zip!/jdk.management" type="simple" />
            <root url="jar://$USER_HOME$/.asdf/installs/java/adoptopenjdk-17.0.8+7/lib/src.zip!/jdk.naming.dns" type="simple" />
            <root url="jar://$USER_HOME$/.asdf/installs/java/adoptopenjdk-17.0.8+7/lib/src.zip!/jdk.naming.rmi" type="simple" />
            <root url="jar://$USER_HOME$/.asdf/installs/java/adoptopenjdk-17.0.8+7/lib/src.zip!/java.instrument" type="simple" />
            <root url="jar://$USER_HOME$/.asdf/installs/java/adoptopenjdk-17.0.8+7/lib/src.zip!/java.management" type="simple" />
            <root url="jar://$USER_HOME$/.asdf/installs/java/adoptopenjdk-17.0.8+7/lib/src.zip!/java.sql.rowset" type="simple" />
            <root url="jar://$USER_HOME$/.asdf/installs/java/adoptopenjdk-17.0.8+7/lib/src.zip!/java.xml.crypto" type="simple" />
            <root url="jar://$USER_HOME$/.asdf/installs/java/adoptopenjdk-17.0.8+7/lib/src.zip!/jdk.internal.ed" type="simple" />
            <root url="jar://$USER_HOME$/.asdf/installs/java/adoptopenjdk-17.0.8+7/lib/src.zip!/jdk.internal.le" type="simple" />
            <root url="jar://$USER_HOME$/.asdf/installs/java/adoptopenjdk-17.0.8+7/lib/src.zip!/jdk.nio.mapmode" type="simple" />
            <root url="jar://$USER_HOME$/.asdf/installs/java/adoptopenjdk-17.0.8+7/lib/src.zip!/jdk.unsupported" type="simple" />
            <root url="jar://$USER_HOME$/.asdf/installs/java/adoptopenjdk-17.0.8+7/lib/src.zip!/java.smartcardio" type="simple" />
            <root url="jar://$USER_HOME$/.asdf/installs/java/adoptopenjdk-17.0.8+7/lib/src.zip!/jdk.internal.opt" type="simple" />
            <root url="jar://$USER_HOME$/.asdf/installs/java/adoptopenjdk-17.0.8+7/lib/src.zip!/java.datatransfer" type="simple" />
            <root url="jar://$USER_HOME$/.asdf/installs/java/adoptopenjdk-17.0.8+7/lib/src.zip!/jdk.accessibility" type="simple" />
            <root url="jar://$USER_HOME$/.asdf/installs/java/adoptopenjdk-17.0.8+7/lib/src.zip!/jdk.hotspot.agent" type="simple" />
            <root url="jar://$USER_HOME$/.asdf/installs/java/adoptopenjdk-17.0.8+7/lib/src.zip!/jdk.security.auth" type="simple" />
            <root url="jar://$USER_HOME$/.asdf/installs/java/adoptopenjdk-17.0.8+7/lib/src.zip!/jdk.security.jgss" type="simple" />
            <root url="jar://$USER_HOME$/.asdf/installs/java/adoptopenjdk-17.0.8+7/lib/src.zip!/java.security.jgss" type="simple" />
            <root url="jar://$USER_HOME$/.asdf/installs/java/adoptopenjdk-17.0.8+7/lib/src.zip!/java.security.sasl" type="simple" />
            <root url="jar://$USER_HOME$/.asdf/installs/java/adoptopenjdk-17.0.8+7/lib/src.zip!/jdk.internal.vm.ci" type="simple" />
            <root url="jar://$USER_HOME$/.asdf/installs/java/adoptopenjdk-17.0.8+7/lib/src.zip!/jdk.management.jfr" type="simple" />
            <root url="jar://$USER_HOME$/.asdf/installs/java/adoptopenjdk-17.0.8+7/lib/src.zip!/java.management.rmi" type="simple" />
            <root url="jar://$USER_HOME$/.asdf/installs/java/adoptopenjdk-17.0.8+7/lib/src.zip!/java.transaction.xa" type="simple" />
            <root url="jar://$USER_HOME$/.asdf/installs/java/adoptopenjdk-17.0.8+7/lib/src.zip!/jdk.crypto.cryptoki" type="simple" />
            <root url="jar://$USER_HOME$/.asdf/installs/java/adoptopenjdk-17.0.8+7/lib/src.zip!/jdk.incubator.vector" type="simple" />
            <root url="jar://$USER_HOME$/.asdf/installs/java/adoptopenjdk-17.0.8+7/lib/src.zip!/jdk.internal.jvmstat" type="simple" />
            <root url="jar://$USER_HOME$/.asdf/installs/java/adoptopenjdk-17.0.8+7/lib/src.zip!/jdk.management.agent" type="simple" />
            <root url="jar://$USER_HOME$/.asdf/installs/java/adoptopenjdk-17.0.8+7/lib/src.zip!/jdk.incubator.foreign" type="simple" />
            <root url="jar://$USER_HOME$/.asdf/installs/java/adoptopenjdk-17.0.8+7/lib/src.zip!/jdk.unsupported.desktop" type="simple" />
            <root url="jar://$USER_HOME$/.asdf/installs/java/adoptopenjdk-17.0.8+7/lib/src.zip!/jdk.internal.vm.compiler" type="simple" />
            <root url="jar://$USER_HOME$/.asdf/installs/java/adoptopenjdk-17.0.8+7/lib/src.zip!/jdk.internal.vm.compiler.management" type="simple" />
          </root>
        </sourcePath>
      </roots>
      <additional />
    </jdk>
    <jdk version="2">
      <name value="11" />
      <type value="JavaSDK" />
      <version value="java version &quot;11.0.20&quot;" />
      <homePath value="$USER_HOME$/.jdks/corretto-11.0.20.1" />
      <roots>
        <annotationsPath>
          <root type="composite">
            <root url="jar://$APPLICATION_HOME_DIR$/plugins/java/lib/resources/jdkAnnotations.jar!/" type="simple" />
          </root>
        </annotationsPath>
        <classPath>
          <root type="composite">
            <root url="jrt://$USER_HOME$/.jdks/corretto-11.0.20.1!/java.base" type="simple" />
            <root url="jrt://$USER_HOME$/.jdks/corretto-11.0.20.1!/java.compiler" type="simple" />
            <root url="jrt://$USER_HOME$/.jdks/corretto-11.0.20.1!/java.datatransfer" type="simple" />
            <root url="jrt://$USER_HOME$/.jdks/corretto-11.0.20.1!/java.desktop" type="simple" />
            <root url="jrt://$USER_HOME$/.jdks/corretto-11.0.20.1!/java.instrument" type="simple" />
            <root url="jrt://$USER_HOME$/.jdks/corretto-11.0.20.1!/java.logging" type="simple" />
            <root url="jrt://$USER_HOME$/.jdks/corretto-11.0.20.1!/java.management" type="simple" />
            <root url="jrt://$USER_HOME$/.jdks/corretto-11.0.20.1!/java.management.rmi" type="simple" />
            <root url="jrt://$USER_HOME$/.jdks/corretto-11.0.20.1!/java.naming" type="simple" />
            <root url="jrt://$USER_HOME$/.jdks/corretto-11.0.20.1!/java.net.http" type="simple" />
            <root url="jrt://$USER_HOME$/.jdks/corretto-11.0.20.1!/java.prefs" type="simple" />
            <root url="jrt://$USER_HOME$/.jdks/corretto-11.0.20.1!/java.rmi" type="simple" />
            <root url="jrt://$USER_HOME$/.jdks/corretto-11.0.20.1!/java.scripting" type="simple" />
            <root url="jrt://$USER_HOME$/.jdks/corretto-11.0.20.1!/java.se" type="simple" />
            <root url="jrt://$USER_HOME$/.jdks/corretto-11.0.20.1!/java.security.jgss" type="simple" />
            <root url="jrt://$USER_HOME$/.jdks/corretto-11.0.20.1!/java.security.sasl" type="simple" />
            <root url="jrt://$USER_HOME$/.jdks/corretto-11.0.20.1!/java.smartcardio" type="simple" />
            <root url="jrt://$USER_HOME$/.jdks/corretto-11.0.20.1!/java.sql" type="simple" />
            <root url="jrt://$USER_HOME$/.jdks/corretto-11.0.20.1!/java.sql.rowset" type="simple" />
            <root url="jrt://$USER_HOME$/.jdks/corretto-11.0.20.1!/java.transaction.xa" type="simple" />
            <root url="jrt://$USER_HOME$/.jdks/corretto-11.0.20.1!/java.xml" type="simple" />
            <root url="jrt://$USER_HOME$/.jdks/corretto-11.0.20.1!/java.xml.crypto" type="simple" />
            <root url="jrt://$USER_HOME$/.jdks/corretto-11.0.20.1!/jdk.accessibility" type="simple" />
            <root url="jrt://$USER_HOME$/.jdks/corretto-11.0.20.1!/jdk.aot" type="simple" />
            <root url="jrt://$USER_HOME$/.jdks/corretto-11.0.20.1!/jdk.attach" type="simple" />
            <root url="jrt://$USER_HOME$/.jdks/corretto-11.0.20.1!/jdk.charsets" type="simple" />
            <root url="jrt://$USER_HOME$/.jdks/corretto-11.0.20.1!/jdk.compiler" type="simple" />
            <root url="jrt://$USER_HOME$/.jdks/corretto-11.0.20.1!/jdk.crypto.cryptoki" type="simple" />
            <root url="jrt://$USER_HOME$/.jdks/corretto-11.0.20.1!/jdk.crypto.ec" type="simple" />
            <root url="jrt://$USER_HOME$/.jdks/corretto-11.0.20.1!/jdk.dynalink" type="simple" />
            <root url="jrt://$USER_HOME$/.jdks/corretto-11.0.20.1!/jdk.editpad" type="simple" />
            <root url="jrt://$USER_HOME$/.jdks/corretto-11.0.20.1!/jdk.hotspot.agent" type="simple" />
            <root url="jrt://$USER_HOME$/.jdks/corretto-11.0.20.1!/jdk.httpserver" type="simple" />
            <root url="jrt://$USER_HOME$/.jdks/corretto-11.0.20.1!/jdk.internal.ed" type="simple" />
            <root url="jrt://$USER_HOME$/.jdks/corretto-11.0.20.1!/jdk.internal.jvmstat" type="simple" />
            <root url="jrt://$USER_HOME$/.jdks/corretto-11.0.20.1!/jdk.internal.le" type="simple" />
            <root url="jrt://$USER_HOME$/.jdks/corretto-11.0.20.1!/jdk.internal.opt" type="simple" />
            <root url="jrt://$USER_HOME$/.jdks/corretto-11.0.20.1!/jdk.internal.vm.ci" type="simple" />
            <root url="jrt://$USER_HOME$/.jdks/corretto-11.0.20.1!/jdk.internal.vm.compiler" type="simple" />
            <root url="jrt://$USER_HOME$/.jdks/corretto-11.0.20.1!/jdk.internal.vm.compiler.management" type="simple" />
            <root url="jrt://$USER_HOME$/.jdks/corretto-11.0.20.1!/jdk.jartool" type="simple" />
            <root url="jrt://$USER_HOME$/.jdks/corretto-11.0.20.1!/jdk.javadoc" type="simple" />
            <root url="jrt://$USER_HOME$/.jdks/corretto-11.0.20.1!/jdk.jcmd" type="simple" />
            <root url="jrt://$USER_HOME$/.jdks/corretto-11.0.20.1!/jdk.jconsole" type="simple" />
            <root url="jrt://$USER_HOME$/.jdks/corretto-11.0.20.1!/jdk.jdeps" type="simple" />
            <root url="jrt://$USER_HOME$/.jdks/corretto-11.0.20.1!/jdk.jdi" type="simple" />
            <root url="jrt://$USER_HOME$/.jdks/corretto-11.0.20.1!/jdk.jdwp.agent" type="simple" />
            <root url="jrt://$USER_HOME$/.jdks/corretto-11.0.20.1!/jdk.jfr" type="simple" />
            <root url="jrt://$USER_HOME$/.jdks/corretto-11.0.20.1!/jdk.jlink" type="simple" />
            <root url="jrt://$USER_HOME$/.jdks/corretto-11.0.20.1!/jdk.jshell" type="simple" />
            <root url="jrt://$USER_HOME$/.jdks/corretto-11.0.20.1!/jdk.jsobject" type="simple" />
            <root url="jrt://$USER_HOME$/.jdks/corretto-11.0.20.1!/jdk.jstatd" type="simple" />
            <root url="jrt://$USER_HOME$/.jdks/corretto-11.0.20.1!/jdk.localedata" type="simple" />
            <root url="jrt://$USER_HOME$/.jdks/corretto-11.0.20.1!/jdk.management" type="simple" />
            <root url="jrt://$USER_HOME$/.jdks/corretto-11.0.20.1!/jdk.management.agent" type="simple" />
            <root url="jrt://$USER_HOME$/.jdks/corretto-11.0.20.1!/jdk.management.jfr" type="simple" />
            <root url="jrt://$USER_HOME$/.jdks/corretto-11.0.20.1!/jdk.naming.dns" type="simple" />
            <root url="jrt://$USER_HOME$/.jdks/corretto-11.0.20.1!/jdk.naming.ldap" type="simple" />
            <root url="jrt://$USER_HOME$/.jdks/corretto-11.0.20.1!/jdk.naming.rmi" type="simple" />
            <root url="jrt://$USER_HOME$/.jdks/corretto-11.0.20.1!/jdk.net" type="simple" />
            <root url="jrt://$USER_HOME$/.jdks/corretto-11.0.20.1!/jdk.pack" type="simple" />
            <root url="jrt://$USER_HOME$/.jdks/corretto-11.0.20.1!/jdk.rmic" type="simple" />
            <root url="jrt://$USER_HOME$/.jdks/corretto-11.0.20.1!/jdk.scripting.nashorn" type="simple" />
            <root url="jrt://$USER_HOME$/.jdks/corretto-11.0.20.1!/jdk.scripting.nashorn.shell" type="simple" />
            <root url="jrt://$USER_HOME$/.jdks/corretto-11.0.20.1!/jdk.sctp" type="simple" />
            <root url="jrt://$USER_HOME$/.jdks/corretto-11.0.20.1!/jdk.security.auth" type="simple" />
            <root url="jrt://$USER_HOME$/.jdks/corretto-11.0.20.1!/jdk.security.jgss" type="simple" />
            <root url="jrt://$USER_HOME$/.jdks/corretto-11.0.20.1!/jdk.unsupported" type="simple" />
            <root url="jrt://$USER_HOME$/.jdks/corretto-11.0.20.1!/jdk.unsupported.desktop" type="simple" />
            <root url="jrt://$USER_HOME$/.jdks/corretto-11.0.20.1!/jdk.xml.dom" type="simple" />
            <root url="jrt://$USER_HOME$/.jdks/corretto-11.0.20.1!/jdk.zipfs" type="simple" />
          </root>
        </classPath>
        <javadocPath>
          <root type="composite" />
        </javadocPath>
        <sourcePath>
          <root type="composite">
            <root url="jar://$USER_HOME$/.jdks/corretto-11.0.20.1/lib/src.zip!/java.se" type="simple" />
            <root url="jar://$USER_HOME$/.jdks/corretto-11.0.20.1/lib/src.zip!/jdk.aot" type="simple" />
            <root url="jar://$USER_HOME$/.jdks/corretto-11.0.20.1/lib/src.zip!/jdk.jdi" type="simple" />
            <root url="jar://$USER_HOME$/.jdks/corretto-11.0.20.1/lib/src.zip!/jdk.jfr" type="simple" />
            <root url="jar://$USER_HOME$/.jdks/corretto-11.0.20.1/lib/src.zip!/jdk.net" type="simple" />
            <root url="jar://$USER_HOME$/.jdks/corretto-11.0.20.1/lib/src.zip!/java.rmi" type="simple" />
            <root url="jar://$USER_HOME$/.jdks/corretto-11.0.20.1/lib/src.zip!/java.sql" type="simple" />
            <root url="jar://$USER_HOME$/.jdks/corretto-11.0.20.1/lib/src.zip!/java.xml" type="simple" />
            <root url="jar://$USER_HOME$/.jdks/corretto-11.0.20.1/lib/src.zip!/jdk.jcmd" type="simple" />
            <root url="jar://$USER_HOME$/.jdks/corretto-11.0.20.1/lib/src.zip!/jdk.pack" type="simple" />
            <root url="jar://$USER_HOME$/.jdks/corretto-11.0.20.1/lib/src.zip!/jdk.rmic" type="simple" />
            <root url="jar://$USER_HOME$/.jdks/corretto-11.0.20.1/lib/src.zip!/jdk.sctp" type="simple" />
            <root url="jar://$USER_HOME$/.jdks/corretto-11.0.20.1/lib/src.zip!/java.base" type="simple" />
            <root url="jar://$USER_HOME$/.jdks/corretto-11.0.20.1/lib/src.zip!/jdk.jdeps" type="simple" />
            <root url="jar://$USER_HOME$/.jdks/corretto-11.0.20.1/lib/src.zip!/jdk.jlink" type="simple" />
            <root url="jar://$USER_HOME$/.jdks/corretto-11.0.20.1/lib/src.zip!/jdk.zipfs" type="simple" />
            <root url="jar://$USER_HOME$/.jdks/corretto-11.0.20.1/lib/src.zip!/java.prefs" type="simple" />
            <root url="jar://$USER_HOME$/.jdks/corretto-11.0.20.1/lib/src.zip!/jdk.attach" type="simple" />
            <root url="jar://$USER_HOME$/.jdks/corretto-11.0.20.1/lib/src.zip!/jdk.jshell" type="simple" />
            <root url="jar://$USER_HOME$/.jdks/corretto-11.0.20.1/lib/src.zip!/jdk.jstatd" type="simple" />
            <root url="jar://$USER_HOME$/.jdks/corretto-11.0.20.1/lib/src.zip!/java.naming" type="simple" />
            <root url="jar://$USER_HOME$/.jdks/corretto-11.0.20.1/lib/src.zip!/jdk.editpad" type="simple" />
            <root url="jar://$USER_HOME$/.jdks/corretto-11.0.20.1/lib/src.zip!/jdk.jartool" type="simple" />
            <root url="jar://$USER_HOME$/.jdks/corretto-11.0.20.1/lib/src.zip!/jdk.javadoc" type="simple" />
            <root url="jar://$USER_HOME$/.jdks/corretto-11.0.20.1/lib/src.zip!/jdk.xml.dom" type="simple" />
            <root url="jar://$USER_HOME$/.jdks/corretto-11.0.20.1/lib/src.zip!/java.desktop" type="simple" />
            <root url="jar://$USER_HOME$/.jdks/corretto-11.0.20.1/lib/src.zip!/java.logging" type="simple" />
            <root url="jar://$USER_HOME$/.jdks/corretto-11.0.20.1/lib/src.zip!/jdk.charsets" type="simple" />
            <root url="jar://$USER_HOME$/.jdks/corretto-11.0.20.1/lib/src.zip!/jdk.compiler" type="simple" />
            <root url="jar://$USER_HOME$/.jdks/corretto-11.0.20.1/lib/src.zip!/jdk.dynalink" type="simple" />
            <root url="jar://$USER_HOME$/.jdks/corretto-11.0.20.1/lib/src.zip!/jdk.jconsole" type="simple" />
            <root url="jar://$USER_HOME$/.jdks/corretto-11.0.20.1/lib/src.zip!/jdk.jsobject" type="simple" />
            <root url="jar://$USER_HOME$/.jdks/corretto-11.0.20.1/lib/src.zip!/java.compiler" type="simple" />
            <root url="jar://$USER_HOME$/.jdks/corretto-11.0.20.1/lib/src.zip!/java.net.http" type="simple" />
            <root url="jar://$USER_HOME$/.jdks/corretto-11.0.20.1/lib/src.zip!/jdk.crypto.ec" type="simple" />
            <root url="jar://$USER_HOME$/.jdks/corretto-11.0.20.1/lib/src.zip!/java.scripting" type="simple" />
            <root url="jar://$USER_HOME$/.jdks/corretto-11.0.20.1/lib/src.zip!/jdk.httpserver" type="simple" />
            <root url="jar://$USER_HOME$/.jdks/corretto-11.0.20.1/lib/src.zip!/jdk.jdwp.agent" type="simple" />
            <root url="jar://$USER_HOME$/.jdks/corretto-11.0.20.1/lib/src.zip!/jdk.localedata" type="simple" />
            <root url="jar://$USER_HOME$/.jdks/corretto-11.0.20.1/lib/src.zip!/jdk.management" type="simple" />
            <root url="jar://$USER_HOME$/.jdks/corretto-11.0.20.1/lib/src.zip!/jdk.naming.dns" type="simple" />
            <root url="jar://$USER_HOME$/.jdks/corretto-11.0.20.1/lib/src.zip!/jdk.naming.rmi" type="simple" />
            <root url="jar://$USER_HOME$/.jdks/corretto-11.0.20.1/lib/src.zip!/java.instrument" type="simple" />
            <root url="jar://$USER_HOME$/.jdks/corretto-11.0.20.1/lib/src.zip!/java.management" type="simple" />
            <root url="jar://$USER_HOME$/.jdks/corretto-11.0.20.1/lib/src.zip!/java.sql.rowset" type="simple" />
            <root url="jar://$USER_HOME$/.jdks/corretto-11.0.20.1/lib/src.zip!/java.xml.crypto" type="simple" />
            <root url="jar://$USER_HOME$/.jdks/corretto-11.0.20.1/lib/src.zip!/jdk.internal.ed" type="simple" />
            <root url="jar://$USER_HOME$/.jdks/corretto-11.0.20.1/lib/src.zip!/jdk.internal.le" type="simple" />
            <root url="jar://$USER_HOME$/.jdks/corretto-11.0.20.1/lib/src.zip!/jdk.naming.ldap" type="simple" />
            <root url="jar://$USER_HOME$/.jdks/corretto-11.0.20.1/lib/src.zip!/jdk.unsupported" type="simple" />
            <root url="jar://$USER_HOME$/.jdks/corretto-11.0.20.1/lib/src.zip!/java.smartcardio" type="simple" />
            <root url="jar://$USER_HOME$/.jdks/corretto-11.0.20.1/lib/src.zip!/jdk.internal.opt" type="simple" />
            <root url="jar://$USER_HOME$/.jdks/corretto-11.0.20.1/lib/src.zip!/java.datatransfer" type="simple" />
            <root url="jar://$USER_HOME$/.jdks/corretto-11.0.20.1/lib/src.zip!/jdk.accessibility" type="simple" />
            <root url="jar://$USER_HOME$/.jdks/corretto-11.0.20.1/lib/src.zip!/jdk.hotspot.agent" type="simple" />
            <root url="jar://$USER_HOME$/.jdks/corretto-11.0.20.1/lib/src.zip!/jdk.security.auth" type="simple" />
            <root url="jar://$USER_HOME$/.jdks/corretto-11.0.20.1/lib/src.zip!/jdk.security.jgss" type="simple" />
            <root url="jar://$USER_HOME$/.jdks/corretto-11.0.20.1/lib/src.zip!/java.security.jgss" type="simple" />
            <root url="jar://$USER_HOME$/.jdks/corretto-11.0.20.1/lib/src.zip!/java.security.sasl" type="simple" />
            <root url="jar://$USER_HOME$/.jdks/corretto-11.0.20.1/lib/src.zip!/jdk.internal.vm.ci" type="simple" />
            <root url="jar://$USER_HOME$/.jdks/corretto-11.0.20.1/lib/src.zip!/jdk.management.jfr" type="simple" />
            <root url="jar://$USER_HOME$/.jdks/corretto-11.0.20.1/lib/src.zip!/java.management.rmi" type="simple" />
            <root url="jar://$USER_HOME$/.jdks/corretto-11.0.20.1/lib/src.zip!/java.transaction.xa" type="simple" />
            <root url="jar://$USER_HOME$/.jdks/corretto-11.0.20.1/lib/src.zip!/jdk.crypto.cryptoki" type="simple" />
            <root url="jar://$USER_HOME$/.jdks/corretto-11.0.20.1/lib/src.zip!/jdk.internal.jvmstat" type="simple" />
            <root url="jar://$USER_HOME$/.jdks/corretto-11.0.20.1/lib/src.zip!/jdk.management.agent" type="simple" />
            <root url="jar://$USER_HOME$/.jdks/corretto-11.0.20.1/lib/src.zip!/jdk.scripting.nashorn" type="simple" />
            <root url="jar://$USER_HOME$/.jdks/corretto-11.0.20.1/lib/src.zip!/jdk.unsupported.desktop" type="simple" />
            <root url="jar://$USER_HOME$/.jdks/corretto-11.0.20.1/lib/src.zip!/jdk.internal.vm.compiler" type="simple" />
            <root url="jar://$USER_HOME$/.jdks/corretto-11.0.20.1/lib/src.zip!/jdk.scripting.nashorn.shell" type="simple" />
            <root url="jar://$USER_HOME$/.jdks/corretto-11.0.20.1/lib/src.zip!/jdk.internal.vm.compiler.management" type="simple" />
          </root>
        </sourcePath>
      </roots>
      <additional />
    </jdk>
  </component>
</application>