<application>
  <component name="NodeJsLocalInterpreters">
    <local-interpreter path="/usr/bin/node" />
  </component>
  <component name="PersistenceGenerationSettings">
    <option name="addToUnit" value="true" />
    <option name="entitySuffix" value="" />
    <option name="generateColumnProperties" value="true" />
    <option name="preferPrimitiveTypes" value="false" />
    <option name="ENTITY_SUFFIX" value="" />
    <option name="GENERATE_COLUMN_PROPERTIES" value="true" />
    <option name="ADD_TO_UNIT" value="true" />
    <option name="PREFER_PRIMITIVE_TYPES" value="false" />
  </component>
  <component name="PropertiesComponent">
    <property name="#xdebugger.evaluate.splitter" value="0.7" />
    <property name="ChangesViewManager.DETAILS_SPLITTER_PROPORTION" value="0.45935827" />
    <property name="CommitChangeListDialog.DETAILS_SPLITTER_PROPORTION_2" value="0.61378413" />
    <property name="Copy.OpenInEditor" value="true" />
    <property name="DBE.Default.Dialect" value="MySQL" />
    <property name="ExpandBeforeRunStepsPanel" value="true" />
    <property name="ExpandRunDashboardTypesPanel" value="false" />
    <property name="FileTemplates.SelectedTemplate" value="HTML File" />
    <property name="FrameworksFinderRecursivePanel[0]" value="0.105820104" />
    <property name="GradleSupport.showInternalTestNodes" value="false" />
    <property name="INSPECTION_FILTER_HISTORY" value="seri&#10;author&#10;Probable bugs" />
    <property name="InstalledPluginsSearchHistory" value="json&#10;yml&#10;ca&#10;cam&#10;javadoc" />
    <property name="JUnitSupport.hidePassedTests" value="false" />
    <property name="LayoutCode.codeCleanup" value="true" />
    <property name="LayoutCode.optimizeImports" value="true" />
    <property name="LayoutCode.processChangedText" value="false" />
    <property name="LayoutCode.rearrangeEntriesJava" value="true" />
    <property name="LayoutCode.rearrangeEntriesXML" value="true" />
    <property name="LayoutCode.rearrangeEntriesYAML" value="false" />
    <property name="LiveContextsPanel[0]" value="0.11043622" />
    <property name="LiveContextsPanel[1]" value="0.25724638" />
    <property name="LiveContextsPanel[2]" value="0.13755158" />
    <property name="MavenModuleWizard.inheritGroupId" value="true" />
    <property name="MavenModuleWizard.inheritVersion" value="true" />
    <property name="MemberChooser.copyJavadoc" value="false" />
    <property name="MemberChooser.showClasses" value="true" />
    <property name="RegistryRecentKeys" value="debugger.watches.in.variables" />
    <property name="SHOW_INHERITED.file.structure.state" value="true" />
    <property name="SettingsSearchHistory" value="proxy&#10;github&#10;sql&#10;seria&#10;add book" />
    <property name="ShowDocumentationInToolWindow" value="true" />
    <property name="SplitFileEditor.Proportion" value="0.4224599" />
    <property name="SpringBeansModulesPanel[0]" value="0.10869565" />
    <property name="SqlStructureView.filterD.file.structure.state" value="true" />
    <property name="TEMPLATES_FILTER_HISTORY" value="intell&#10;java&#10;idea" />
    <property name="TextEditorWithPreview.SplitterProportionKey" value="0.15" />
    <property name="TrendingPluginsSearchHistory" value="jpa&#10;json&#10;properties to yml&#10;CamelCase&#10;javadoc" />
    <property name="Vcs.Log.Text.Filter.History" value="分页&#10;包裹&#10;切换&#10;确认订单&#10;工" />
    <property name="build.toolwindow.Sync.selection.state" value="com.intellij.build.BuildTreeConsoleView" />
    <property name="build.toolwindow.run.selection.state" value="consoleView" />
    <property name="com.ifengxue.plugin.jps-support.database" value="vipmro" />
    <property name="com.ifengxue.plugin.jps-support.generate_class_comment" value="true" />
    <property name="com.ifengxue.plugin.jps-support.generate_field_comment" value="true" />
    <property name="com.ifengxue.plugin.jps-support.generate_method_comment" value="true" />
    <property name="com.ifengxue.plugin.jps-support.generate_repository" value="true" />
    <property name="com.ifengxue.plugin.jps-support.host" value="rm-uf6wf0f9kw8360jihto.mysql.rds.aliyuncs.com" />
    <property name="com.ifengxue.plugin.jps-support.implement_serializable" value="true" />
    <property name="com.ifengxue.plugin.jps-support.password" value="Smc3aDNKaSY0MThEU2lYYlE5YQ==" />
    <property name="com.ifengxue.plugin.jps-support.port" value="3306" />
    <property name="com.ifengxue.plugin.jps-support.remove_field_prefix" value="" />
    <property name="com.ifengxue.plugin.jps-support.remove_table_prefix" value="" />
    <property name="com.ifengxue.plugin.jps-support.use_lombok" value="true" />
    <property name="com.ifengxue.plugin.jps-support.username" value="app" />
    <property name="com.intellij.history.integration.ui.views.DirectoryHistoryDialog.0" value="300" />
    <property name="com.intellij.history.integration.ui.views.FileHistoryDialog.0" value="300" />
    <property name="com.intellij.history.integration.ui.views.FileHistoryDialog.1" value="800" />
    <property name="com.intellij.openapi.roots.ui.configuration.TabbedModuleEditor.selectedEditor" value="Sources" />
    <property name="create.project.preferred.importer" value="Maven" />
    <property name="debug.configuration.alternate.action.ad" value="true" />
    <property name="decompiler.legal.notice.accepted" value="true" />
    <property name="defaultJdkConfigured" value="true" />
    <property name="eclipse.project.dir" value="$USER_HOME$/liuhua_tmp/ka_mall大客户对接/使用ka_mall页面对接/南孚电池/CIP测试案例1" />
    <property name="evlsprt.183" value="1683fd2869e" />
    <property name="evlsprt2.183" value="1693bf4c14b" />
    <property name="export.settings.path" value="$USER_HOME$/shell/settings.zip" />
    <property name="file.chooser.recent.files" value="$USER_HOME$/project/vipmro-user-resource&#10;/home/lh/liuhua_tmp/ka_mall大客户对接/使用ka_mall页面对接/南孚电池/CIP测试案例1&#10;/home/lh/project/vipmro-user-passport&#10;/home/lh/project/user-passport&#10;/home/lh/project/emro_wapmall/target/emro_wapmall-0.0.1-SNAPSHOT.war&#10;/home/lh/project/emro_wapmall&#10;/home/lh/project/user-resource&#10;/home/lh/Desktop/user-resource&#10;/home/lh/Desktop&#10;/home/lh/java/build_tools/apache-maven-3.5.3&#10;/home/lh/java/build_tools/apache-maven-3.5.3/bin&#10;/home/lh/project/user-resource/user-resource-web&#10;/home/lh/project/user-resource/user-resource-domain&#10;/home/lh/java/web_server/apache-tomcat-7.0.88&#10;/home/lh/shell/settings.jar&#10;/home/lh/shell" />
    <property name="file.gist.reindex.count" value="22441" />
    <property name="fileTypeChangedCounter" value="1" />
    <property name="ideavim.statistics.timestamp" value="1553047609650" />
    <property name="installed.kotlin.plugin.version" value="1.3.11-release-IJ2018.3-1" />
    <property name="jdk.selected.JAVA_MODULE" value="1.8" />
    <property name="js.modules.notification.shown" value="true" />
    <property name="last.imported.location" value="$USER_HOME$/project/vipmro-user-resource" />
    <property name="lastTip" value="141" />
    <property name="learn.toolwindow.button.info.shown" value="true" />
    <property name="project.wizard.group" value="SpringInitializr" />
    <property name="project.wizard.template" value="Kotlin/JVM" />
    <property name="quick.doc.font.size" value="MEDIUM" />
    <property name="selected.color.option.type" value="DEFAULT_TEMPLATE_LANGUAGE_COLOR" />
    <property name="settings.code.style.selected.tab.JAVA" value="Tabs and Indents" />
    <property name="ts.lib.d.ts.version" value="3.2.1" />
    <property name="vcs.history.diff.splitter.proportion" value="0.39055794" />
    <property name="vcs.log.changes.splitter.proportion" value="0.5871658" />
  </component>
</application>