<application>
  <component name="ProjectManager">
    <defaultProject>
      <component name="ProjectViewState">
        <option name="hideEmptyMiddlePackages" value="true" />
        <option name="showLibraryContents" value="true" />
      </component>
      <component name="PropertiesComponent">
        <property name="settings.editor.selected.configurable" value="application.passwordSafe" />
      </component>
      <component name="RunManager">
        <configuration default="true" type="CucumberJavaRunConfigurationType" factoryName="Cucumber java">
          <shortenClasspath name="NONE" />
          <option name="WORKING_DIRECTORY" value="$MODULE_WORKING_DIR$" />
          <method v="2">
            <option name="Make" enabled="true" />
          </method>
        </configuration>
        <configuration default="true" type="ReactNative" factoryName="React Native">
          <node-interpreter value="project" />
          <react-native value="" />
          <platform value="ANDROID" />
          <envs />
          <only-packager />
          <browser value="98ca6316-2f89-46d9-a9e5-fa9e2b0625b3" />
          <method v="2">
            <option name="ReactNativePackager" enabled="true" />
          </method>
        </configuration>
        <configuration default="true" type="SpringBootApplicationConfigurationType" factoryName="Spring Boot">
          <option name="ACTIVE_PROFILES" />
          <option name="SPRING_BOOT_MAIN_CLASS" />
          <method v="2">
            <option name="Make" enabled="true" />
          </method>
        </configuration>
      </component>
      <component name="masterDetails">
        <states>
          <state key="ProjectJDKs.UI">
            <settings>
              <last-edited>11</last-edited>
              <splitter-proportions>
                <option name="proportions">
                  <list>
                    <option value="0.2" />
                  </list>
                </option>
              </splitter-proportions>
            </settings>
          </state>
        </states>
      </component>
    </defaultProject>
  </component>
</application>