<application>
  <component name="VimSettings">
    <state version="4" enabled="true" />
    <globalmarks />
    <filemarks>
      <file name="$USER_HOME$/project/vipmro-aop/src/main/resources/mapper/CrmCustomerServiceMapper.xml" timestamp="1555399285484">
        <mark key="[" line="66" column="0" />
        <mark key="]" line="80" column="26" />
      </file>
      <file name="$USER_HOME$/project/vipmro-interface/src/main/java/emro/dao/BrandMapper.java" timestamp="1555383925637">
        <mark key="[" line="57" column="45" />
        <mark key="]" line="57" column="61" />
        <mark key="^" line="57" column="61" />
        <mark key="." line="57" column="61" />
      </file>
      <file name="/BrandMapper.xml" timestamp="1555401960585">
        <mark key="[" line="195" column="16" />
        <mark key="]" line="195" column="54" />
      </file>
      <file name="/a.dummy" timestamp="1555137204321">
        <mark key="[" line="0" column="0" />
      </file>
      <file name="$USER_HOME$/project/learn_java/thinking_in_java/src/main/java/interfaces/filters/BandPass.java" timestamp="1556709355738">
        <mark key="[" line="11" column="5" />
        <mark key="]" line="15" column="20" />
        <mark key="^" line="15" column="20" />
        <mark key="." line="15" column="20" />
      </file>
      <file name="$MAVEN_REPOSITORY$/org/springframework/spring-context/4.1.6.RELEASE/spring-context-4.1.6.RELEASE-sources.jar!/org/springframework/cache/annotation/Cacheable.java" timestamp="1555394323848">
        <mark key="[" line="48" column="18" />
        <mark key="]" line="48" column="26" />
      </file>
      <file name="$USER_HOME$/project/learn_java/thinking_in_java/src/main/java/initialization/OVerloadingVarargs.java" timestamp="1555326068606">
        <mark key="[" line="5" column="31" />
      </file>
      <file name="$USER_HOME$/project/learn_java/thinking_in_java/src/main/java/polymorphism/music3/Music3.java" timestamp="1556545720060">
        <mark key="'" line="112" column="7" />
        <mark key="[" line="109" column="10" />
        <mark key="]" line="109" column="11" />
        <mark key="." line="109" column="11" />
        <mark key="^" line="109" column="7" />
      </file>
      <file name="$USER_HOME$/project/learn_java/thinking_in_java/src/main/java/interfaces/classprocessor/Apply.java" timestamp="1556709099106">
        <mark key="'" line="37" column="4" />
        <mark key="[" line="51" column="44" />
        <mark key="]" line="51" column="43" />
        <mark key="." line="51" column="43" />
        <mark key="^" line="51" column="43" />
      </file>
      <file name="$USER_HOME$/project/vipmro-interface/src/main/resources/spring-xmemcached.xml" timestamp="1555395169058">
        <mark key="[" line="18" column="21" />
        <mark key="]" line="18" column="42" />
      </file>
      <file name="$USER_HOME$/project/learn_java/thinking_in_java/src/main/java/interfaces/interfaceProcessor/Processor.java" timestamp="1556709574255">
        <mark key="[" line="5" column="28" />
        <mark key="]" line="6" column="23" />
        <mark key="." line="6" column="23" />
        <mark key="^" line="6" column="23" />
      </file>
      <file name="$USER_HOME$/project/vipmro-interface/src/main/java/emro/service/impl/IndexImpl.java" timestamp="1555379443495">
        <mark key="[" line="1040" column="18" />
        <mark key="]" line="1040" column="27" />
      </file>
      <file name="$USER_HOME$/project/vipmro-mall/src/main/resources/ftl/common/header.ftl" timestamp="1555379317624">
        <mark key="[" line="73" column="13" />
        <mark key="]" line="73" column="26" />
      </file>
      <file name="/Dummy.txt" timestamp="1556543803727">
        <mark key="[" line="0" column="0" />
      </file>
      <file name="$USER_HOME$/project/learn_java/thinking_in_java/src/main/java/interfaces/music9/Music9.java" timestamp="1556708130981">
        <mark key="'" line="105" column="28" />
        <mark key="[" line="111" column="10" />
        <mark key="]" line="112" column="24" />
        <mark key="." line="112" column="24" />
        <mark key="^" line="112" column="24" />
      </file>
      <file name="$USER_HOME$/project/vipmro-mall/src/main/java/net/vipmro/mall/controller/BaseController.java" timestamp="1555379326238">
        <mark key="[" line="82" column="43" />
        <mark key="]" line="82" column="64" />
      </file>
      <file name="$USER_HOME$/project/learn_java/thinking_in_java/src/main/java/interfaces/filters/HighPas.java" timestamp="1556709297565">
        <mark key="[" line="5" column="20" />
      </file>
      <file name="$USER_HOME$/project/vipmro-aop/src/main/java/emro/util/AccessTokenUtils.java" timestamp="1555395934932">
        <mark key="[" line="19" column="50" />
        <mark key="]" line="19" column="77" />
      </file>
      <file name="$USER_HOME$/project/learn_java/thinking_in_java/src/main/java/polymorphism/music6/Music6.java" timestamp="1556707242340">
        <mark key="'" line="115" column="23" />
        <mark key="[" line="60" column="15" />
        <mark key="]" line="60" column="22" />
        <mark key="." line="60" column="22" />
        <mark key="^" line="60" column="22" />
      </file>
      <file name="$USER_HOME$/project/vipmro-interface/src/main/resources/spring-redis.xml" timestamp="1555394998479">
        <mark key="[" line="26" column="43" />
        <mark key="]" line="26" column="52" />
      </file>
      <file name="$USER_HOME$/project/learn_java/thinking_in_java/src/main/java/interfaces/music9/Instrument.java" timestamp="1556707531531">
        <mark key="[" line="2" column="7" />
        <mark key="]" line="2" column="6" />
        <mark key="^" line="2" column="6" />
        <mark key="." line="2" column="6" />
      </file>
      <file name="$USER_HOME$/project/vipmro-user-resource/user-resource-tools/src/main/java/net/vipmro/user/resource/tools/invoke/oms/OmsExpressPackageService.java" timestamp="1555380689961">
        <mark key="[" line="73" column="18" />
        <mark key="]" line="73" column="37" />
        <mark key="^" line="73" column="3" />
        <mark key="." line="73" column="3" />
      </file>
      <file name="$USER_HOME$/project/learn_java/thinking_in_java/src/main/java/interfaces/filters/HighPass.java" timestamp="1556709322719">
        <mark key="[" line="13" column="8" />
        <mark key="]" line="13" column="20" />
        <mark key="^" line="13" column="20" />
        <mark key="." line="13" column="20" />
      </file>
      <file name="$USER_HOME$/project/vipmro-interface/src/main/resources/mapping/NavigationMapper.xml" timestamp="1555379364466">
        <mark key="[" line="11" column="12" />
        <mark key="]" line="11" column="21" />
      </file>
      <file name="$USER_HOME$/project/vipmro-interface/src/main/resources/mapping/BrandMapper.xml" timestamp="1555402031490">
        <mark key="[" line="196" column="0" />
        <mark key="]" line="202" column="32" />
        <mark key="^" line="190" column="67" />
        <mark key="." line="190" column="67" />
      </file>
      <file name="$USER_HOME$/project/vipmro-mall/src/main/java/net/vipmro/mall/controller/BrandController.java" timestamp="1555380197000">
        <mark key="[" line="47" column="51" />
        <mark key="]" line="47" column="67" />
      </file>
      <file name="$USER_HOME$/project/learn_java/thinking_in_java/src/main/java/interfaces/filters/LowPass.java" timestamp="1556709258243">
        <mark key="[" line="14" column="21" />
        <mark key="]" line="14" column="40" />
        <mark key="." line="14" column="40" />
        <mark key="^" line="14" column="40" />
      </file>
      <file name="$USER_HOME$/project/vipmro-interface/src/main/java/emro/controller/BrandController.java" timestamp="1555404012159">
        <mark key="'" line="149" column="52" />
      </file>
      <file name="$USER_HOME$/java/jdk/jdk1.8.0_151/src.zip!/java/util/Arrays.java" timestamp="1556708685634" />
      <file name="$USER_HOME$/project/learn_java/thinking_in_java/src/main/java/interfaces/filters/Filter.java" timestamp="1556709182926">
        <mark key="[" line="10" column="28" />
        <mark key="]" line="11" column="20" />
        <mark key="^" line="11" column="20" />
        <mark key="." line="11" column="20" />
      </file>
      <file name="$USER_HOME$/project/learn_java/thinking_in_java/src/main/java/interfaces/filters/Waveform.java" timestamp="1556709148351">
        <mark key="[" line="12" column="25" />
        <mark key="]" line="12" column="29" />
        <mark key="^" line="12" column="29" />
        <mark key="." line="12" column="29" />
      </file>
      <file name="/fragment.java" timestamp="1556708813944">
        <mark key="[" line="0" column="0" />
      </file>
      <file name="$USER_HOME$/project/vipmro-interface/src/main/java/emro/service/impl/BrandImpl.java" timestamp="1555397505343">
        <mark key="[" line="74" column="24" />
        <mark key="]" line="74" column="31" />
        <mark key="^" line="189" column="26" />
        <mark key="." line="189" column="26" />
      </file>
      <file name="$USER_HOME$/project/vipmro-interface/src/main/resources/config.properties" timestamp="1555395183374">
        <mark key="[" line="37" column="23" />
        <mark key="]" line="37" column="35" />
        <mark key="." line="62" column="19" />
        <mark key="^" line="62" column="19" />
      </file>
      <file name="$USER_HOME$/project/vipmro-mall/src/main/java/net/vipmro/mall/controller/SitmapController.java" timestamp="1555379235825">
        <mark key="[" line="28" column="85" />
        <mark key="]" line="28" column="94" />
      </file>
    </filemarks>
    <jumps>
      <jump line="42" column="6" filename="$USER_HOME$/project/vipmro-aop/src/main/resources/yzmapper/YZUtilMapper.xml" />
      <jump line="5" column="8" filename="$USER_HOME$/project/vipmro-aop/src/main/resources/yzmapper/YZUtilMapper.xml" />
      <jump line="75" column="4" filename="$USER_HOME$/project/vipmro-user-resource/user-resource-domain/src/main/java/net/vipmro/user/resource/domain/service/thirdparty/impl/NanFuAccessServiceImpl.java" />
      <jump line="60" column="41" filename="$USER_HOME$/project/vipmro-aop/src/main/java/emro/util/HttpClientReader.java" />
      <jump line="0" column="0" filename="$USER_HOME$/project/vipmro-aop/src/main/java/emro/util/HttpClientReader.java" />
      <jump line="51" column="70" filename="$USER_HOME$/project/vipmro-aop/src/main/java/emro/util/ExceptionEnum.java" />
      <jump line="0" column="0" filename="$USER_HOME$/project/vipmro-aop/src/main/java/emro/util/ExceptionEnum.java" />
      <jump line="74" column="34" filename="$USER_HOME$/project/vipmro-aop/src/main/java/emro/service/impl/LogisticsServiceImpl.java" />
      <jump line="46" column="0" filename="$USER_HOME$/project/vipmro-aop/src/main/resources/application.properties" />
      <jump line="34" column="4" filename="$USER_HOME$/project/vipmro-aop/src/main/java/emro/cloudsupermarket/controller/LogisticsController.java" />
      <jump line="0" column="13" filename="$USER_HOME$/project/vipmro-aop/src/main/java/emro/cloudsupermarket/controller/LogisticsController.java" />
      <jump line="24" column="17" filename="$USER_HOME$/project/learn_java/thinking_in_java/src/main/java/operators/URShift.java" />
      <jump line="26" column="12" filename="$USER_HOME$/project/learn_java/thinking_in_java/src/main/java/operators/URShift.java" />
      <jump line="58" column="8" filename="$USER_HOME$/project/vipmro-aop/src/main/java/emro/util/KaPriceUtil.java" />
      <jump line="35" column="30" filename="$USER_HOME$/project/learn_java/thinking_in_java/src/main/java/operators/BitManipulation.java" />
      <jump line="909" column="21" filename="$USER_HOME$/project/vipmro-interface/src/main/java/emro/controller/GoodsController.java" />
      <jump line="191" column="4" filename="$USER_HOME$/project/vipmro-interface/src/main/resources/mapping/GoodsMapper.xml" />
      <jump line="55" column="25" filename="$USER_HOME$/project/vipmro-aop/src/main/java/emro/cloudsupermarket/controller/InitializeController.java" />
      <jump line="81" column="21" filename="$USER_HOME$/project/vipmro-user-resource/user-resource-commons/src/main/java/net/vipmro/user/resource/commons/util/bean/HttpRequestLogUtils.java" />
      <jump line="34" column="47" filename="$USER_HOME$/project/vipmro-user-resource/user-resource-web/src/main/java/net/vipmro/user/resource/web/controller/thirdparty/panasonic/PanasonicScheduledController.java" />
      <jump line="9" column="43" filename="$USER_HOME$/project/learn_java/thinking_in_java/src/main/java/operators/URShift.java" />
      <jump line="0" column="0" filename="$USER_HOME$/project/learn_java/thinking_in_java/src/main/java/operators/URShift.java" />
      <jump line="1" column="0" filename="$USER_HOME$/project/learn_java/thinking_in_java/src/main/java/operators/URShift.java" />
      <jump line="32" column="0" filename="$USER_HOME$/project/learn_java/thinking_in_java/src/main/java/operators/URShift.java" />
      <jump line="4" column="0" filename="$USER_HOME$/project/learn_java/thinking_in_java/src/main/java/operators/URShift.java" />
      <jump line="2" column="0" filename="$USER_HOME$/project/learn_java/thinking_in_java/src/main/java/operators/URShift.java" />
      <jump line="11" column="16" filename="$USER_HOME$/project/learn_java/thinking_in_java/src/main/java/operators/CastingNumbers.java" />
      <jump line="0" column="0" filename="$USER_HOME$/project/learn_java/thinking_in_java/src/main/java/operators/CastingNumbers.java" />
      <jump line="10" column="7" filename="$USER_HOME$/project/learn_java/thinking_in_java/src/main/java/operators/RoundingNumbers.java" />
      <jump line="749" column="29" filename="$USER_HOME$/project/emro_interface_ka/src/main/java/emro/controller/OrderInfoController.java" />
      <jump line="137" column="19" filename="$USER_HOME$/project/learn_java/thinking_in_java/src/main/java/operators/AllOps.java" />
      <jump line="194" column="8" filename="$USER_HOME$/project/learn_java/thinking_in_java/src/main/java/operators/AllOps.java" />
      <jump line="40" column="23" filename="$USER_HOME$/project/learn_java/thinking_in_java/src/main/java/operators/StringCompare.java" />
      <jump line="10" column="15" filename="$USER_HOME$/project/learn_java/thinking_in_java/src/main/java/control/Primes.java" />
      <jump line="8" column="35" filename="$USER_HOME$/project/learn_java/thinking_in_java/src/main/java/control/ForEachString.java" />
      <jump line="15" column="11" filename="$USER_HOME$/project/learn_java/thinking_in_java/src/main/java/control/ForEachInt.java" />
      <jump line="19" column="11" filename="$USER_HOME$/project/learn_java/thinking_in_java/src/main/java/control/ForEachInt.java" />
      <jump line="20" column="19" filename="$USER_HOME$/project/learn_java/thinking_in_java/src/main/java/control/IfElse2.java" />
      <jump line="21" column="8" filename="$USER_HOME$/project/learn_java/thinking_in_java/src/main/java/control/IfElse2.java" />
      <jump line="0" column="0" filename="$USER_HOME$/project/emro_interface_ka/src/main/resources/spring-activemq.xml" />
      <jump line="40" column="0" filename="$USER_HOME$/project/learn_java/thinking_in_java/src/main/java/control/VampireNumbers.java" />
      <jump line="39" column="0" filename="$USER_HOME$/project/learn_java/thinking_in_java/src/main/java/control/VampireNumbers.java" />
      <jump line="1310" column="23" filename="$MAVEN_REPOSITORY$/org/springframework/data/spring-data-mongodb/1.7.0.RELEASE/spring-data-mongodb-1.7.0.RELEASE.jar!/org/springframework/data/mongodb/core/MongoTemplate.class" />
      <jump line="49" column="11" filename="$MAVEN_REPOSITORY$/org/springframework/data/spring-data-mongodb/1.7.0.RELEASE/spring-data-mongodb-1.7.0.RELEASE-sources.jar!/org/springframework/data/mongodb/core/mapping/MongoMappingContext.java" />
      <jump line="26" column="0" filename="$MAVEN_REPOSITORY$/org/springframework/data/spring-data-commons/1.10.0.RELEASE/spring-data-commons-1.10.0.RELEASE-sources.jar!/org/springframework/data/mapping/context/MappingContext.java" />
      <jump line="43" column="5" filename="$MAVEN_REPOSITORY$/org/springframework/data/spring-data-commons/1.10.0.RELEASE/spring-data-commons-1.10.0.RELEASE-sources.jar!/org/springframework/data/mapping/context/MappingContext.java" />
      <jump line="27" column="5" filename="$MAVEN_REPOSITORY$/org/springframework/data/spring-data-commons/1.10.0.RELEASE/spring-data-commons-1.10.0.RELEASE-sources.jar!/org/springframework/data/mapping/context/MappingContext.java" />
      <jump line="37" column="4" filename="$USER_HOME$/project/learn_java/thinking_in_java/src/main/java/initialization/PrimitiveOverLoading.java" />
      <jump line="45" column="11" filename="$USER_HOME$/project/learn_java/thinking_in_java/src/main/java/initialization/PrimitiveOverLoading.java" />
      <jump line="62" column="4" filename="$USER_HOME$/project/learn_java/thinking_in_java/src/main/java/initialization/PrimitiveOverLoading.java" />
      <jump line="41" column="0" filename="$USER_HOME$/project/learn_java/thinking_in_java/src/main/java/initialization/PrimitiveOverLoading.java" />
      <jump line="81" column="4" filename="$USER_HOME$/project/learn_java/thinking_in_java/src/main/java/initialization/PrimitiveOverLoading.java" />
      <jump line="86" column="0" filename="$USER_HOME$/project/learn_java/thinking_in_java/src/main/java/initialization/PrimitiveOverLoading.java" />
      <jump line="97" column="7" filename="$USER_HOME$/project/learn_java/thinking_in_java/src/main/java/initialization/PrimitiveOverLoading.java" />
      <jump line="134" column="0" filename="$USER_HOME$/project/learn_java/thinking_in_java/src/main/java/initialization/PrimitiveOverLoading.java" />
      <jump line="149" column="11" filename="$USER_HOME$/project/learn_java/thinking_in_java/src/main/java/initialization/PrimitiveOverLoading.java" />
      <jump line="147" column="0" filename="$USER_HOME$/project/learn_java/thinking_in_java/src/main/java/initialization/PrimitiveOverLoading.java" />
      <jump line="162" column="12" filename="$USER_HOME$/project/learn_java/thinking_in_java/src/main/java/initialization/PrimitiveOverLoading.java" />
      <jump line="160" column="0" filename="$USER_HOME$/project/learn_java/thinking_in_java/src/main/java/initialization/PrimitiveOverLoading.java" />
      <jump line="174" column="15" filename="$USER_HOME$/project/learn_java/thinking_in_java/src/main/java/initialization/PrimitiveOverLoading.java" />
      <jump line="173" column="0" filename="$USER_HOME$/project/learn_java/thinking_in_java/src/main/java/initialization/PrimitiveOverLoading.java" />
      <jump line="191" column="11" filename="$USER_HOME$/project/learn_java/thinking_in_java/src/main/java/initialization/PrimitiveOverLoading.java" />
      <jump line="186" column="0" filename="$USER_HOME$/project/learn_java/thinking_in_java/src/main/java/initialization/PrimitiveOverLoading.java" />
      <jump line="201" column="12" filename="$USER_HOME$/project/learn_java/thinking_in_java/src/main/java/initialization/PrimitiveOverLoading.java" />
      <jump line="199" column="0" filename="$USER_HOME$/project/learn_java/thinking_in_java/src/main/java/initialization/PrimitiveOverLoading.java" />
      <jump line="212" column="13" filename="$USER_HOME$/project/learn_java/thinking_in_java/src/main/java/initialization/PrimitiveOverLoading.java" />
      <jump line="123" column="33" filename="$USER_HOME$/project/learn_java/thinking_in_java/src/main/java/initialization/Demontion.java" />
      <jump line="33" column="12" filename="$USER_HOME$/project/learn_java/thinking_in_java/src/main/java/initialization/Demontion.java" />
      <jump line="125" column="0" filename="$USER_HOME$/project/learn_java/thinking_in_java/src/main/java/initialization/Demontion.java" />
      <jump line="107" column="4" filename="$USER_HOME$/project/learn_java/thinking_in_java/src/main/java/initialization/Demontion.java" />
      <jump line="41" column="32" filename="$USER_HOME$/project/learn_java/thinking_in_java/src/main/java/initialization/DogTalk.java" />
      <jump line="22" column="42" filename="$USER_HOME$/project/learn_java/thinking_in_java/src/main/java/initialization/Flower.java" />
      <jump line="35" column="50" filename="$USER_HOME$/project/learn_java/thinking_in_java/src/main/java/initialization/Flower.java" />
      <jump line="4713" column="0" filename="$USER_HOME$/project/vipmro-interface/src/main/java/emro/service/impl/OrderInfoImpl.java" />
      <jump line="1948" column="0" filename="$USER_HOME$/project/vipmro-interface/src/main/java/emro/service/impl/OrderInfoImpl.java" />
      <jump line="14" column="19" filename="$USER_HOME$/project/learn_java/thinking_in_java/src/main/java/initialization/TerminatjonCondition.java" />
      <jump line="9" column="20" filename="$USER_HOME$/project/learn_java/thinking_in_java/src/main/java/initialization/BankTest.java" />
      <jump line="19" column="34" filename="$USER_HOME$/project/learn_java/thinking_in_java/src/main/java/initialization/BankTest.java" />
      <jump line="7" column="13" filename="$USER_HOME$/project/learn_java/thinking_in_java/src/main/java/initialization/Measurement.java" />
      <jump line="18" column="0" filename="$USER_HOME$/project/learn_java/thinking_in_java/src/main/java/initialization/OrderOfInitialization.java" />
      <jump line="7" column="18" filename="$USER_HOME$/project/learn_java/thinking_in_java/src/main/java/initialization/StaticInitialization.java" />
      <jump line="80" column="64" filename="$USER_HOME$/project/vipmro-user-resource/user-resource-tools/src/main/java/net/vipmro/user/resource/tools/bean/HttpClientReader.java" />
      <jump line="51" column="4" filename="$USER_HOME$/project/vipmro-user-resource/user-resource-tools/src/main/java/net/vipmro/user/resource/tools/bean/HttpClientReader.java" />
      <jump line="21" column="7" filename="$USER_HOME$/project/learn_java/thinking_in_java/src/main/java/initialization/VarArgs.java" />
      <jump line="22" column="8" filename="$USER_HOME$/project/learn_java/thinking_in_java/src/main/java/initialization/VarArgs.java" />
      <jump line="9" column="41" filename="$USER_HOME$/project/learn_java/thinking_in_java/src/main/java/initialization/VarargEx20.java" />
      <jump line="6" column="30" filename="$USER_HOME$/project/learn_java/thinking_in_java/src/main/java/initialization/Spiciness.java" />
      <jump line="7" column="11" filename="$USER_HOME$/project/learn_java/thinking_in_java/src/main/java/initialization/EnumOrder.java" />
      <jump line="15" column="4" filename="$USER_HOME$/project/vipmro-user-resource/user-resource-tools/src/main/java/net/vipmro/user/resource/tools/builder/response/oms/ExpressPackage.java" />
      <jump line="168" column="29" filename="$USER_HOME$/project/vipmro-interface/src/main/java/emro/controller/BrandController.java" />
      <jump line="0" column="0" filename="$USER_HOME$/project/vipmro-user-resource/user-resource-web/src/main/java/net/vipmro/user/resource/web/spring/ResourceServerConfig.java" />
      <jump line="106" column="0" filename="$USER_HOME$/project/vipmro-user-resource/user-resource-web/src/main/java/net/vipmro/user/resource/web/spring/ResourceServerConfig.java" />
      <jump line="14" column="23" filename="$USER_HOME$/project/vipmro-user-resource/user-resource-web/src/main/java/net/vipmro/user/resource/web/controller/Test.java" />
      <jump line="17" column="43" filename="$USER_HOME$/project/vipmro-interface/target/emro_interface/WEB-INF/classes/mapping/BrandMapper.xml" />
      <jump line="149" column="52" filename="$USER_HOME$/project/vipmro-interface/src/main/java/emro/controller/BrandController.java" />
      <jump line="112" column="7" filename="$USER_HOME$/project/learn_java/thinking_in_java/src/main/java/polymorphism/music3/Music3.java" />
      <jump line="26" column="26" filename="$USER_HOME$/project/learn_java/thinking_in_java/src/main/java/polymorphism/music6/Music6.java" />
      <jump line="115" column="23" filename="$USER_HOME$/project/learn_java/thinking_in_java/src/main/java/polymorphism/music6/Music6.java" />
      <jump line="105" column="28" filename="$USER_HOME$/project/learn_java/thinking_in_java/src/main/java/interfaces/music9/Music9.java" />
      <jump line="37" column="4" filename="$USER_HOME$/project/learn_java/thinking_in_java/src/main/java/interfaces/classprocessor/Apply.java" />
    </jumps>
    <registers>
      <register name="&quot;" type="4">
        <text>class</text>
      </register>
      <register name="-" type="4">
        <text>class</text>
      </register>
      <register name="/" type="4">
        <text encoding="base64">XDwoXD4=</text>
      </register>
      <register name="0" type="2">
        <text encoding="base64">ICAgICAgICBwcm9jZXNzKG5ldyBVcGNhc2UoKSxzKTsK</text>
      </register>
      <register name="1" type="2">
        <text encoding="base64">ICAgICAgICByZXR1cm4gc3VwZXIucHJvY2VzcyhpbnB1dCk7Cg==</text>
      </register>
      <register name="2" type="2">
        <text encoding="base64">ICAgIAo=</text>
      </register>
      <register name="3" type="2">
        <text encoding="base64">ICAgICAgICAK</text>
      </register>
      <register name="4" type="2">
        <text encoding="base64">ICAgIHBzbXYK</text>
      </register>
      <register name="5" type="2">
        <text encoding="base64">ICAgICAgICAK</text>
      </register>
      <register name="6" type="2">
        <text encoding="base64">ICAgICAgICByZXR1cm4gc3VwZXIucHJvY2VzcyhpbnB1dCk7Cg==</text>
      </register>
      <register name="7" type="2">
        <text encoding="base64">ICAgICAgICByZXR1cm4gc3VwZXIucHJvY2VzcyhpbnB1dCk7Cg==</text>
      </register>
      <register name="8" type="2">
        <text encoding="base64">ICAgICAgICAgICAgCg==</text>
      </register>
      <register name="9" type="2">
        <text encoding="base64">ICAgICAgICAK</text>
      </register>
      <register name=":" type="4">
        <text>202</text>
      </register>
    </registers>
    <search>
      <last-search encoding="base64">XDwoXD4=</last-search>
      <last-offset />
      <last-pattern encoding="base64">XDwoXD4=</last-pattern>
      <last-dir>1</last-dir>
      <show-last>false</show-last>
    </search>
    <history>
      <history-search>
        <entry>char</entry>
        <entry>byte</entry>
        <entry>shor</entry>
        <entry>int</entry>
        <entry>long</entry>
        <entry>float</entry>
        <entry>do</entry>
        <entry>dob</entry>
        <entry>N</entry>
        <entry>tr</entry>
        <entry>try</entry>
        <entry>im</entry>
        <entry>dd</entry>
        <entry>cl</entry>
        <entry>va</entry>
        <entry>?ori</entry>
        <entry>sche</entry>
        <entry>void</entry>
        <entry>}</entry>
        <entry encoding="base64">XDwoXD4=</entry>
      </history-search>
      <history-cmd>
        <entry>199</entry>
        <entry>223</entry>
        <entry>649</entry>
        <entry>215</entry>
        <entry>32</entry>
        <entry>15</entry>
        <entry>34:49</entry>
        <entry>34</entry>
        <entry>202</entry>
      </history-cmd>
      <history-expr />
      <history-input />
    </history>
    <shortcut-conflicts>
      <shortcut-conflict owner="ide">
        <text>ctrl pressed F</text>
      </shortcut-conflict>
      <shortcut-conflict owner="vim">
        <text>ctrl pressed U</text>
      </shortcut-conflict>
      <shortcut-conflict owner="vim">
        <text>ctrl pressed D</text>
      </shortcut-conflict>
      <shortcut-conflict owner="vim">
        <text>ctrl pressed V</text>
      </shortcut-conflict>
      <shortcut-conflict owner="ide">
        <text>ctrl pressed O</text>
      </shortcut-conflict>
      <shortcut-conflict owner="ide">
        <text>ctrl pressed Q</text>
      </shortcut-conflict>
      <shortcut-conflict owner="ide">
        <text>ctrl pressed B</text>
      </shortcut-conflict>
      <shortcut-conflict owner="ide">
        <text>ctrl pressed N</text>
      </shortcut-conflict>
      <shortcut-conflict owner="ide">
        <text>ctrl pressed P</text>
      </shortcut-conflict>
      <shortcut-conflict owner="vim">
        <text>ctrl pressed W</text>
      </shortcut-conflict>
      <shortcut-conflict owner="vim">
        <text>ctrl pressed S</text>
      </shortcut-conflict>
      <shortcut-conflict owner="ide">
        <text>ctrl pressed A</text>
      </shortcut-conflict>
      <shortcut-conflict owner="ide">
        <text>ctrl pressed C</text>
      </shortcut-conflict>
      <shortcut-conflict owner="vim">
        <text>ctrl pressed X</text>
      </shortcut-conflict>
      <shortcut-conflict owner="ide">
        <text>shift ctrl pressed 2</text>
      </shortcut-conflict>
      <shortcut-conflict owner="ide">
        <text>ctrl pressed OPEN_BRACKET</text>
      </shortcut-conflict>
      <shortcut-conflict owner="ide">
        <text>ctrl pressed CLOSE_BRACKET</text>
      </shortcut-conflict>
      <shortcut-conflict owner="ide">
        <text>ctrl pressed I</text>
      </shortcut-conflict>
      <shortcut-conflict owner="vim">
        <text>ctrl pressed G</text>
      </shortcut-conflict>
      <shortcut-conflict owner="vim">
        <text>ctrl pressed H</text>
      </shortcut-conflict>
      <shortcut-conflict owner="ide">
        <text>ctrl pressed R</text>
      </shortcut-conflict>
      <shortcut-conflict owner="vim">
        <text>ctrl pressed 2</text>
      </shortcut-conflict>
    </shortcut-conflicts>
  </component>
</application>