<application>
  <component name="VimSettings">
    <state version="4" enabled="true" />
    <globalmarks />
    <filemarks>
      <file name="$USER_HOME$/project/vipmro-user-resource/user-resource-web/src/main/resources/application-dev.properties" timestamp="1553480829605">
        <mark key="'" line="69" column="30" />
        <mark key="[" line="69" column="49" />
        <mark key="]" line="69" column="43" />
        <mark key="." line="69" column="43" />
        <mark key="^" line="69" column="43" />
      </file>
      <file name="$USER_HOME$/project/vipmro-user-resource/user-resource-domain/src/main/java/net/vipmro/user/resource/domain/service/impl/CoreOrderServiceImpl.java" timestamp="1553481012983">
        <mark key="[" line="257" column="21" />
        <mark key="]" line="257" column="28" />
        <mark key="^" line="201" column="63" />
        <mark key="." line="201" column="63" />
      </file>
      <file name="/File Header.txt.ft" timestamp="1553599864056">
        <mark key="[" line="0" column="0" />
      </file>
      <file name="$USER_HOME$/project/learn_java/thinking_in_java/src/main/java/son/Son.java" timestamp="1553320004719">
        <mark key="[" line="21" column="17" />
        <mark key="]" line="21" column="16" />
        <mark key="." line="21" column="16" />
        <mark key="^" line="21" column="16" />
      </file>
      <file name="$USER_HOME$/project/learn_java/thinking_in_java/src/main/java/object/OneStaticTest.java" timestamp="1553599977541">
        <mark key="[" line="5" column="28" />
        <mark key="]" line="7" column="0" />
        <mark key="." line="7" column="0" />
      </file>
      <file name="$USER_HOME$/project/vipmro-aop/src/main/java/emro/service/impl/SplitOrderServiceImpl.java" timestamp="1553480813679">
        <mark key="[" line="136" column="37" />
        <mark key="]" line="136" column="44" />
        <mark key="^" line="142" column="23" />
        <mark key="." line="142" column="23" />
      </file>
      <file name="$USER_HOME$/project/vipmro-mall-ka/src/main/java/net/vipmro/mall/controller/ShopCartController.java" timestamp="1553322949109">
        <mark key="[" line="132" column="55" />
        <mark key="]" line="132" column="83" />
      </file>
      <file name="$USER_HOME$/project/emro_interface_ka/src/main/resources/mapping/OrderInfoMapper.xml" timestamp="1553323767175">
        <mark key="[" line="1739" column="0" />
        <mark key="]" line="1747" column="17" />
      </file>
      <file name="$USER_HOME$/project/emro_interface_ka/src/main/java/emro/controller/OrderInfoController.java" timestamp="1553323885790">
        <mark key="'" line="586" column="50" />
        <mark key="[" line="578" column="31" />
        <mark key="]" line="578" column="40" />
      </file>
      <file name="/Enum.txt.ft" timestamp="1553599843795">
        <mark key="[" line="0" column="0" />
      </file>
      <file name="/Class.txt.ft" timestamp="1553599954094">
        <mark key="[" line="0" column="0" />
      </file>
      <file name="$USER_HOME$/project/vipmro-aop/src/main/resources/yzmapper/PubItembaseMapper.xml" timestamp="1553306738945">
        <mark key="'" line="26" column="34" />
        <mark key="[" line="339" column="9" />
        <mark key="]" line="339" column="20" />
      </file>
      <file name="$USER_HOME$/project/vipmro-aop/src/main/resources/yzmapper/YZUtilMapper.xml" timestamp="1553480743543">
        <mark key="'" line="63" column="59" />
        <mark key="[" line="52" column="2" />
        <mark key="]" line="52" column="1" />
        <mark key="^" line="52" column="1" />
        <mark key="." line="52" column="1" />
      </file>
      <file name="$USER_HOME$/project/timed-task/timed-task-infrastructure/src/main/resources/yzmapper/AfterSaleEzhuMapper.xml" timestamp="1553307819489">
        <mark key="'" line="195" column="4" />
        <mark key="[" line="162" column="0" />
        <mark key="]" line="178" column="39" />
      </file>
      <file name="$USER_HOME$/project/learn_java/thinking_in_java/src/main/java/object/ITest.java" timestamp="1553599532624">
        <mark key="'" line="17" column="40" />
        <mark key="[" line="30" column="42" />
        <mark key="]" line="30" column="43" />
        <mark key="." line="30" column="43" />
      </file>
      <file name="/HTML File.txt.ft" timestamp="1553599952884">
        <mark key="[" line="0" column="0" />
      </file>
      <file name="/fragment.java" timestamp="1553323947782">
        <mark key="[" line="0" column="0" />
      </file>
      <file name="/ActionScript File Header.txt.ft" timestamp="1553599863455">
        <mark key="[" line="0" column="0" />
      </file>
    </filemarks>
    <jumps>
      <jump line="76" column="25" filename="$USER_HOME$/project/learn_java/.gitignore" />
      <jump line="26" column="34" filename="$USER_HOME$/project/vipmro-aop/src/main/resources/yzmapper/PubItembaseMapper.xml" />
      <jump line="101" column="4" filename="$USER_HOME$/project/timed-task/timed-task-infrastructure/src/main/resources/yzmapper/AfterSaleEzhuMapper.xml" />
      <jump line="195" column="4" filename="$USER_HOME$/project/timed-task/timed-task-infrastructure/src/main/resources/yzmapper/AfterSaleEzhuMapper.xml" />
      <jump line="63" column="59" filename="$USER_HOME$/project/vipmro-aop/src/main/resources/yzmapper/YZUtilMapper.xml" />
      <jump line="586" column="50" filename="$USER_HOME$/project/emro_interface_ka/src/main/java/emro/controller/OrderInfoController.java" />
      <jump line="69" column="30" filename="$USER_HOME$/project/vipmro-user-resource/user-resource-web/src/main/resources/application-dev.properties" />
      <jump line="17" column="40" filename="$USER_HOME$/project/learn_java/thinking_in_java/src/main/java/object/ITest.java" />
    </jumps>
    <registers>
      <register name="-" type="4">
        <text>:</text>
      </register>
      <register name="/" type="4">
        <text encoding="base64">XDxTdGF0aWNUZXN0XD4=</text>
      </register>
      <register name="0" type="2">
        <text encoding="base64">ICAgICAgICBTeXN0ZW0ub3V0LnByaW50bG4oInN0MS5pID0gIiArIHN0MS5pKTsK</text>
      </register>
      <register name="1" type="2">
        <text encoding="base64">Cg==</text>
      </register>
      <register name="2" type="2">
        <text encoding="base64">cHVibGljIGNsYXNzIE9uZVN0YXRpY1Rlc3QgewogICAgCg==</text>
      </register>
      <register name="3" type="2">
        <text encoding="base64">Cg==</text>
      </register>
      <register name="4" type="2">
        <text encoding="base64">Cg==</text>
      </register>
      <register name="5" type="2">
        <text encoding="base64">Cg==</text>
      </register>
      <register name="6" type="2">
        <text encoding="base64">LyoqCiAqCiAqCiAqIEBhdXRob3I6IGxpdUh1YQogKgogKiBAY3JlYXRlOiAyMDE5LTAzLTI2IDE5OjI4CiAqKi8K</text>
      </register>
      <register name="7" type="2">
        <text encoding="base64">ICAgICAgICAK</text>
      </register>
      <register name="8" type="2">
        <text encoding="base64">ICAgICAgICBTeXN0ZW0ub3V0LnByaW50bG4oInN0MS5pID0gIiArIHN0MS5pKTsKICAgICAgICAK</text>
      </register>
      <register name="9" type="2">
        <text encoding="base64">ICAgICAgICAK</text>
      </register>
      <register name=":" type="4">
        <text>199</text>
      </register>
    </registers>
    <search>
      <last-search encoding="base64">XDxTdGF0aWNUZXN0XD4=</last-search>
      <last-offset />
      <last-pattern encoding="base64">XDxTdGF0aWNUZXN0XD4=</last-pattern>
      <last-dir>1</last-dir>
      <show-last>false</show-last>
    </search>
    <history>
      <history-search>
        <entry>get</entry>
        <entry>&quot;</entry>
        <entry encoding="base64">XDxTdGF0aWNUZXN0XD4=</entry>
      </history-search>
      <history-cmd>
        <entry>199</entry>
      </history-cmd>
      <history-expr />
      <history-input />
    </history>
    <shortcut-conflicts>
      <shortcut-conflict owner="ide">
        <text>ctrl pressed F</text>
      </shortcut-conflict>
      <shortcut-conflict owner="vim">
        <text>ctrl pressed U</text>
      </shortcut-conflict>
      <shortcut-conflict owner="vim">
        <text>ctrl pressed D</text>
      </shortcut-conflict>
      <shortcut-conflict owner="vim">
        <text>ctrl pressed V</text>
      </shortcut-conflict>
      <shortcut-conflict owner="ide">
        <text>ctrl pressed O</text>
      </shortcut-conflict>
      <shortcut-conflict owner="ide">
        <text>ctrl pressed Q</text>
      </shortcut-conflict>
      <shortcut-conflict owner="ide">
        <text>ctrl pressed B</text>
      </shortcut-conflict>
      <shortcut-conflict owner="vim">
        <text>ctrl pressed N</text>
      </shortcut-conflict>
      <shortcut-conflict owner="ide">
        <text>ctrl pressed P</text>
      </shortcut-conflict>
      <shortcut-conflict owner="vim">
        <text>ctrl pressed W</text>
      </shortcut-conflict>
    </shortcut-conflicts>
  </component>
</application>