<application>
  <component name="VimSettings">
    <state version="4" enabled="true" />
    <globalmarks />
    <filemarks>
      <file name="$USER_HOME$/project/vipmro-user-resource/user-resource-web/src/main/resources/application-dev.properties" timestamp="1553058831153">
        <mark key="'" line="14" column="18" />
        <mark key="[" line="47" column="13" />
        <mark key="]" line="47" column="38" />
        <mark key="." line="40" column="31" />
        <mark key="^" line="40" column="31" />
      </file>
      <file name="$USER_HOME$/project/vipmro-user-resource/user-resource-web/src/main/java/net/vipmro/user/resource/web/controller/thirdparty/ThirdPartyInitialController.java" timestamp="1553077753792">
        <mark key="[" line="25" column="49" />
        <mark key="]" line="25" column="20" />
        <mark key="." line="25" column="20" />
        <mark key="^" line="25" column="20" />
      </file>
      <file name="/Dummy.txt" timestamp="1553133355801">
        <mark key="[" line="0" column="0" />
      </file>
      <file name="$USER_HOME$/project/vipmro-user-passport/user-passport-web/src/main/resources/application-pro.properties" timestamp="1553054066403">
        <mark key="[" line="34" column="0" />
        <mark key="]" line="34" column="0" />
        <mark key="." line="34" column="0" />
      </file>
      <file name="$USER_HOME$/project/vipmro-user-resource/user-resource-domain/src/main/java/net/vipmro/user/resource/domain/service/impl/CoreOrderServiceImpl.java" timestamp="1552985996470">
        <mark key="'" line="200" column="39" />
        <mark key="[" line="238" column="24" />
        <mark key="]" line="238" column="24" />
        <mark key="." line="238" column="92" />
        <mark key="^" line="233" column="75" />
      </file>
      <file name="$USER_HOME$/project/emro_interface_ka/src/main/java/emro/service/impl/OrderInfoImpl.java" timestamp="1553064438041">
        <mark key="'" line="5380" column="37" />
        <mark key="[" line="5379" column="44" />
        <mark key="]" line="5379" column="44" />
        <mark key="." line="5379" column="44" />
        <mark key="^" line="5379" column="44" />
      </file>
      <file name="$USER_HOME$/project/emro_interface_ka/src/main/resources/application.config.xml" timestamp="1553063199013">
        <mark key="[" line="227" column="39" />
        <mark key="]" line="227" column="39" />
        <mark key="^" line="222" column="35" />
        <mark key="." line="227" column="39" />
      </file>
      <file name="$USER_HOME$/project/emro_interface_ka/src/main/java/emro/service/impl/mall/UserPermissionServiceImpl.java" timestamp="1553064335793">
        <mark key="[" line="126" column="27" />
        <mark key="]" line="126" column="42" />
        <mark key="^" line="126" column="35" />
        <mark key="." line="126" column="35" />
      </file>
      <file name="$USER_HOME$/project/emro_interface_ka/src/main/java/emro/util/SmsUtil.java" timestamp="1553064634497">
        <mark key="[" line="16" column="13" />
        <mark key="]" line="16" column="19" />
      </file>
      <file name="$USER_HOME$/project/vipmro-mall-ka/src/main/java/net/vipmro/mall/controller/ShopCartController.java" timestamp="1553060948232">
        <mark key="[" line="956" column="67" />
        <mark key="]" line="956" column="76" />
      </file>
      <file name="$MAVEN_REPOSITORY$/io/lettuce/lettuce-core/5.0.5.RELEASE/lettuce-core-5.0.5.RELEASE.jar!/io/lettuce/core/protocol/ReconnectionHandler.class" timestamp="1553053840577">
        <mark key="[" line="5" column="8" />
        <mark key="]" line="5" column="31" />
      </file>
      <file name="$USER_HOME$/project/emro_interface_ka/src/main/resources/mapping/OrderInfoMapper.xml" timestamp="1552981792531">
        <mark key="'" line="3048" column="26" />
        <mark key="[" line="3531" column="0" />
        <mark key="]" line="3532" column="97" />
        <mark key="^" line="3531" column="16" />
        <mark key="." line="3531" column="16" />
      </file>
      <file name="$USER_HOME$/project/vipmro-user-resource/user-resource-web/src/main/java/net/vipmro/user/resource/web/spring/ResourceServerConfig.java" timestamp="1553058842230">
        <mark key="[" line="68" column="27" />
        <mark key="]" line="68" column="52" />
        <mark key="^" line="100" column="31" />
        <mark key="." line="100" column="31" />
      </file>
      <file name="$USER_HOME$/project/vipmro-user-resource/user-resource-domain/src/main/java/net/vipmro/user/resource/domain/model/po/OrderInfo.java" timestamp="1553058455492">
        <mark key="[" line="512" column="0" />
        <mark key="]" line="512" column="0" />
        <mark key="." line="512" column="0" />
        <mark key="^" line="15" column="0" />
      </file>
      <file name="$USER_HOME$/project/vipmro-user-resource/user-resource-web/src/main/java/net/vipmro/user/resource/web/scheduled/NanFuThirdPartyScheduled.java" timestamp="1552987774079">
        <mark key="[" line="104" column="126" />
        <mark key="]" line="105" column="119" />
        <mark key="." line="105" column="119" />
        <mark key="^" line="105" column="119" />
      </file>
      <file name="$USER_HOME$/project/vipmro-user-resource/user-resource-web/src/main/resources/application-pro.properties" timestamp="1553065545073">
        <mark key="[" line="35" column="0" />
        <mark key="]" line="35" column="0" />
        <mark key="." line="35" column="0" />
      </file>
      <file name="$USER_HOME$/project/vipmro-user-resource/user-resource-domain/src/main/java/net/vipmro/user/resource/domain/repository/jpa/LogisticsParcelJpaRepository.java" timestamp="1552984945946">
        <mark key="[" line="12" column="62" />
        <mark key="]" line="12" column="62" />
        <mark key="." line="12" column="62" />
        <mark key="^" line="12" column="61" />
      </file>
      <file name="$USER_HOME$/project/vipmro-user-resource/user-resource-domain/src/main/java/net/vipmro/user/resource/domain/service/thirdparty/impl/NanFuAccessServiceImpl.java" timestamp="1552984842230">
        <mark key="[" line="160" column="142" />
        <mark key="]" line="160" column="199" />
        <mark key="." line="160" column="199" />
        <mark key="^" line="160" column="199" />
      </file>
      <file name="$USER_HOME$/project/vipmro-user-passport/user-passport-web/src/main/resources/application-dev.properties" timestamp="1553066037362">
        <mark key="[" line="35" column="0" />
        <mark key="]" line="35" column="0" />
        <mark key="." line="35" column="0" />
      </file>
    </filemarks>
    <jumps>
      <jump line="2056" column="30" filename="$USER_HOME$/project/emro_interface_ka/src/main/java/emro/controller/OrderInfoController.java" />
      <jump line="1720" column="0" filename="$USER_HOME$/project/emro_interface_ka/src/main/java/emro/service/impl/OrderInfoImpl.java" />
      <jump line="1697" column="12" filename="$USER_HOME$/project/emro_interface_ka/src/main/java/emro/service/impl/OrderInfoImpl.java" />
      <jump line="622" column="23" filename="$USER_HOME$/project/emro_interface_ka/src/main/java/emro/controller/OrderInfoController.java" />
      <jump line="412" column="26" filename="$USER_HOME$/project/emro_interface_ka/src/main/resources/mapping/InquiryOrderMapper.xml" />
      <jump line="12" column="32" filename="$USER_HOME$/project/vipmro-aop/doc/application.properties" />
      <jump line="0" column="0" filename="$USER_HOME$/project/vipmro-aop/src/main/resources/application.properties" />
      <jump line="81" column="0" filename="$USER_HOME$/project/vipmro-aop/src/main/resources/application.properties" />
      <jump line="6" column="25" filename="$USER_HOME$/project/vipmro-aop/doc/application-dev.properties" />
      <jump line="25" column="19" filename="$USER_HOME$/project/emro_interface_ka/src/main/java/emro/util/LoginInfo.java" />
      <jump line="142" column="30" filename="$USER_HOME$/project/emro_interface_ka/src/main/java/emro/model/KaMallPreOrderInfo.java" />
      <jump line="1721" column="16" filename="$USER_HOME$/project/emro_interface_ka/src/main/java/emro/service/impl/OrderInfoImpl.java" />
      <jump line="98" column="19" filename="$USER_HOME$/project/emro_interface_ka/src/main/java/emro/model/permission/CrmAccountInfo.java" />
      <jump line="3" column="14" filename="$USER_HOME$/project/vipmro-user-passport/user-passport-web/src/main/resources/application.properties" />
      <jump line="52" column="0" filename="$USER_HOME$/project/vipmro-user-resource/user-resource-web/src/main/resources/application-dev.properties" />
      <jump line="11" column="34" filename="$USER_HOME$/project/vipmro-user-resource/user-resource-web/src/main/resources/application-uat.properties" />
      <jump line="620" column="0" filename="$USER_HOME$/project/emro_interface_ka/src/main/java/emro/controller/OrderInfoController.java" />
      <jump line="580" column="21" filename="$USER_HOME$/project/emro_interface_ka/src/main/java/emro/controller/RegisterController.java" />
      <jump line="56" column="41" filename="$USER_HOME$/project/emro_interface_ka/src/main/java/emro/util/bean/PassportService.java" />
      <jump line="346" column="16" filename="$USER_HOME$/project/vipmro-aop/src/main/java/emro/service/impl/OrderServiceImpl.java" />
      <jump line="145" column="0" filename="$USER_HOME$/project/vipmro-aop/src/main/java/emro/cloudsupermarket/controller/OrderController.java" />
      <jump line="220" column="32" filename="$USER_HOME$/project/vipmro-aop/src/main/java/emro/cloudsupermarket/controller/OrderController.java" />
      <jump line="221" column="81" filename="$USER_HOME$/project/vipmro-aop/src/main/java/emro/cloudsupermarket/controller/OrderController.java" />
      <jump line="35" column="17" filename="$USER_HOME$/project/vipmro-user-passport/user-passport-infrastructure/src/main/java/net/vipmro/user/passport/infrastructure/repository/GoodsRepositoryImpl.java" />
      <jump line="882" column="46" filename="$USER_HOME$/project/vipmro-user-passport/api_documentation/工品汇开放资源中心接口文档-20190226.md" />
      <jump line="105" column="29" filename="$USER_HOME$/project/vipmro-user-resource/user-resource-domain/src/main/java/net/vipmro/user/resource/domain/service/impl/CoreOrderServiceImpl.java" />
      <jump line="688" column="25" filename="$USER_HOME$/project/emro_interface_ka/src/main/java/emro/service/impl/mall/UserPermissionServiceImpl.java" />
      <jump line="0" column="0" filename="$USER_HOME$/project/emro_interface_ka/src/main/java/emro/service/impl/mall/UserPermissionServiceImpl.java" />
      <jump line="45" column="15" filename="$USER_HOME$/project/emro_interface_ka/src/main/resources/mybatis-generator-configuration.xml" />
      <jump line="19" column="28" filename="$USER_HOME$/project/emro_interface_ka/src/main/resources/mybatis-generator-configuration.xml" />
      <jump line="5539" column="0" filename="$USER_HOME$/project/emro_interface_ka/src/main/java/emro/service/impl/OrderInfoImpl.java" />
      <jump line="9" column="3" filename="$USER_HOME$/project/vipmro-user-resource/user-resource-domain/src/main/java/net/vipmro/user/resource/domain/repository/jpa/LogisticsCompanyJpaRepository.java" />
      <jump line="9" column="81" filename="$USER_HOME$/project/vipmro-user-resource/user-resource-domain/src/main/java/net/vipmro/user/resource/domain/repository/jpa/OrderExpressJpaRepository.java" />
      <jump line="6" column="33" filename="$USER_HOME$/project/vipmro-user-resource/user-resource-domain/src/main/java/net/vipmro/user/resource/domain/repository/jpa/SsoUserJpaRepository.java" />
      <jump line="519" column="27" filename="$USER_HOME$/project/emro_interface_ka/src/main/java/emro/service/impl/GeneralImpl.java" />
      <jump line="522" column="39" filename="$USER_HOME$/project/emro_interface_ka/src/main/java/emro/service/impl/GeneralImpl.java" />
      <jump line="122" column="6" filename="$USER_HOME$/project/emro_interface_ka/src/main/resources/properties/info.properties" />
      <jump line="35" column="26" filename="$USER_HOME$/project/vipmro-user-passport/sql/alter.sql" />
      <jump line="84" column="27" filename="$USER_HOME$/project/emro_interface_ka/src/main/java/emro/controller/DealerCashController.java" />
      <jump line="602" column="25" filename="$USER_HOME$/project/emro_interface_ka/src/main/java/emro/controller/RegisterController.java" />
      <jump line="49" column="7" filename="$USER_HOME$/project/emro_interface_ka/src/main/java/emro/util/SmsUtil.java" />
      <jump line="63" column="21" filename="$USER_HOME$/project/emro_interface_ka/src/main/java/emro/service/impl/GeneralImpl.java" />
      <jump line="5358" column="21" filename="$USER_HOME$/project/emro_interface_ka/src/main/java/emro/service/impl/OrderInfoImpl.java" />
      <jump line="19" column="12" filename="$USER_HOME$/project/emro_interface_ka/src/main/java/emro/util/SmsUtil.java" />
      <jump line="48" column="7" filename="$USER_HOME$/project/emro_interface_ka/src/main/java/emro/util/SmsUtil.java" />
      <jump line="39" column="8" filename="$USER_HOME$/project/emro_interface_ka/src/main/java/emro/util/SmsUtil.java" />
      <jump line="38" column="15" filename="$USER_HOME$/project/emro_interface_ka/src/main/java/emro/util/SmsUtil.java" />
      <jump line="27" column="34" filename="$USER_HOME$/project/emro_interface_ka/src/main/java/emro/util/SmsUtil.java" />
      <jump line="44" column="11" filename="$USER_HOME$/project/emro_interface_ka/src/main/java/emro/util/SmsUtil.java" />
      <jump line="2376" column="44" filename="$USER_HOME$/project/emro_interface_ka/src/main/java/emro/controller/OrderInfoController.java" />
      <jump line="38" column="29" filename="$USER_HOME$/project/emro_interface_ka/src/main/resources/mybatis-generator-configuration.xml" />
      <jump line="5360" column="30" filename="$USER_HOME$/project/emro_interface_ka/src/main/java/emro/service/impl/OrderInfoImpl.java" />
      <jump line="39" column="76" filename="$USER_HOME$/project/emro_interface_ka/src/main/resources/mapping/SsoUserMapper.xml" />
      <jump line="0" column="0" filename="$USER_HOME$/project/emro_interface_ka/src/main/resources/mapping/SsoUserMapper.xml" />
      <jump line="18" column="41" filename="$USER_HOME$/project/emro_interface_ka/src/main/java/emro/dao/mybatis/SsoUserMapper.java" />
      <jump line="207" column="12" filename="$USER_HOME$/project/emro_interface_ka/src/main/java/emro/service/mall/UserPermissionService.java" />
      <jump line="5372" column="46" filename="$USER_HOME$/project/emro_interface_ka/src/main/java/emro/service/impl/OrderInfoImpl.java" />
      <jump line="5371" column="41" filename="$USER_HOME$/project/emro_interface_ka/src/main/java/emro/service/impl/OrderInfoImpl.java" />
      <jump line="5373" column="72" filename="$USER_HOME$/project/emro_interface_ka/src/main/java/emro/service/impl/OrderInfoImpl.java" />
      <jump line="116" column="28" filename="$USER_HOME$/project/vipmro-user-resource/user-resource-domain/src/main/java/net/vipmro/user/resource/domain/service/thirdparty/impl/NanFuAccessServiceImpl.java" />
      <jump line="110" column="46" filename="$USER_HOME$/project/vipmro-user-resource/user-resource-domain/src/main/java/net/vipmro/user/resource/domain/service/thirdparty/impl/NanFuAccessServiceImpl.java" />
      <jump line="44" column="45" filename="$USER_HOME$/project/vipmro-user-resource/user-resource-domain/src/main/java/net/vipmro/user/resource/domain/service/thirdparty/impl/NanFuThirdPartyOrderServiceImpl.java" />
      <jump line="85" column="29" filename="$USER_HOME$/project/vipmro-user-resource/user-resource-domain/src/main/java/net/vipmro/user/resource/domain/service/impl/CoreOrderServiceImpl.java" />
      <jump line="47" column="16" filename="$USER_HOME$/project/vipmro-user-resource/user-resource-domain/src/main/java/net/vipmro/user/resource/domain/service/impl/RegisterServiceImpl.java" />
      <jump line="53" column="8" filename="$USER_HOME$/project/vipmro-user-resource/user-resource-domain/src/main/java/net/vipmro/user/resource/domain/service/impl/RegisterServiceImpl.java" />
      <jump line="60" column="12" filename="$USER_HOME$/project/vipmro-user-resource/user-resource-domain/src/main/java/net/vipmro/user/resource/domain/service/impl/RegisterServiceImpl.java" />
      <jump line="61" column="8" filename="$USER_HOME$/project/vipmro-user-resource/user-resource-domain/src/main/java/net/vipmro/user/resource/domain/service/impl/RegisterServiceImpl.java" />
      <jump line="37" column="9" filename="$USER_HOME$/project/vipmro-user-resource/user-resource-web/src/main/java/net/vipmro/user/resource/web/scheduled/ThirdPartyScheduled.java" />
      <jump line="3046" column="4" filename="$USER_HOME$/project/emro_interface_ka/src/main/resources/mapping/OrderInfoMapper.xml" />
      <jump line="3048" column="26" filename="$USER_HOME$/project/emro_interface_ka/src/main/resources/mapping/OrderInfoMapper.xml" />
      <jump line="14" column="20" filename="$USER_HOME$/project/vipmro-aop/src/main/resources/application.properties" />
      <jump line="15" column="11" filename="$USER_HOME$/project/vipmro-user-resource/user-resource-commons/src/main/java/net/vipmro/user/resource/commons/util/MongoKeyValueLog.java" />
      <jump line="21" column="4" filename="$USER_HOME$/project/vipmro-user-resource/user-resource-web/src/main/java/net/vipmro/user/resource/web/scheduled/ThirdPartyScheduled.java" />
      <jump line="15" column="0" filename="$USER_HOME$/project/vipmro-user-resource/user-resource-web/src/main/java/net/vipmro/user/resource/web/scheduled/ThirdPartyScheduled.java" />
      <jump line="144" column="4" filename="$USER_HOME$/project/vipmro-user-resource/user-resource-domain/src/main/java/net/vipmro/user/resource/domain/service/thirdparty/impl/NanFuAccessServiceImpl.java" />
      <jump line="150" column="36" filename="$USER_HOME$/project/vipmro-user-resource/user-resource-domain/src/main/java/net/vipmro/user/resource/domain/service/thirdparty/impl/NanFuAccessServiceImpl.java" />
      <jump line="153" column="8" filename="$USER_HOME$/project/vipmro-user-resource/user-resource-domain/src/main/java/net/vipmro/user/resource/domain/service/thirdparty/impl/NanFuAccessServiceImpl.java" />
      <jump line="6" column="41" filename="$USER_HOME$/project/vipmro-user-resource/user-resource-domain/src/main/java/net/vipmro/user/resource/domain/repository/jpa/LogisticsParcelJpaRepository.java" />
      <jump line="142" column="40" filename="$USER_HOME$/project/vipmro-user-resource/user-resource-domain/src/main/java/net/vipmro/user/resource/domain/service/thirdparty/impl/NanFuAccessServiceImpl.java" />
      <jump line="164" column="0" filename="$USER_HOME$/project/vipmro-user-resource/user-resource-domain/src/main/java/net/vipmro/user/resource/domain/service/thirdparty/impl/NanFuAccessServiceImpl.java" />
      <jump line="63" column="27" filename="$USER_HOME$/project/vipmro-user-resource/user-resource-web/src/main/java/net/vipmro/user/resource/web/scheduled/NanFuThirdPartyScheduled.java" />
      <jump line="65" column="49" filename="$USER_HOME$/project/vipmro-user-resource/user-resource-web/src/main/java/net/vipmro/user/resource/web/scheduled/NanFuThirdPartyScheduled.java" />
      <jump line="62" column="31" filename="$USER_HOME$/project/vipmro-user-resource/user-resource-web/src/main/java/net/vipmro/user/resource/web/scheduled/NanFuThirdPartyScheduled.java" />
      <jump line="84" column="41" filename="$USER_HOME$/project/vipmro-user-resource/user-resource-domain/src/main/java/net/vipmro/user/resource/domain/service/impl/CoreOrderServiceImpl.java" />
      <jump line="227" column="39" filename="$USER_HOME$/project/vipmro-user-resource/user-resource-domain/src/main/java/net/vipmro/user/resource/domain/service/impl/CoreOrderServiceImpl.java" />
      <jump line="346" column="77" filename="$USER_HOME$/project/vipmro-user-resource/user-resource-infrastructure/src/main/resources/mybatis/KaSellerGoodsMapper.xml" />
      <jump line="209" column="38" filename="$USER_HOME$/project/vipmro-user-resource/user-resource-domain/src/main/java/net/vipmro/user/resource/domain/service/impl/CoreOrderServiceImpl.java" />
      <jump line="235" column="31" filename="$USER_HOME$/project/vipmro-user-resource/user-resource-domain/src/main/java/net/vipmro/user/resource/domain/service/impl/CoreOrderServiceImpl.java" />
      <jump line="188" column="39" filename="$USER_HOME$/project/vipmro-user-resource/user-resource-domain/src/main/java/net/vipmro/user/resource/domain/service/impl/CoreOrderServiceImpl.java" />
      <jump line="49" column="14" filename="$USER_HOME$/project/vipmro-user-resource/user-resource-infrastructure/src/main/resources/entityGenConfig.yml" />
      <jump line="5375" column="21" filename="$USER_HOME$/project/emro_interface_ka/src/main/java/emro/service/impl/OrderInfoImpl.java" />
      <jump line="5387" column="20" filename="$USER_HOME$/project/emro_interface_ka/src/main/java/emro/service/impl/OrderInfoImpl.java" />
      <jump line="21" column="24" filename="$USER_HOME$/project/vipmro-mall-ka/src/main/resources/application.properties" />
      <jump line="5318" column="0" filename="$USER_HOME$/project/emro_interface_ka/src/main/java/emro/service/impl/OrderInfoImpl.java" />
      <jump line="95" column="0" filename="$MAVEN_REPOSITORY$/net/vipmro/athena/vipmro-athena-message-client/0.7.51/vipmro-athena-message-client-0.7.51.jar!/net/vipmro/athena/message/client/MessageServiceClient.class" />
      <jump line="97" column="120" filename="$USER_HOME$/project/vipmro-user-resource/user-resource-web/src/main/java/net/vipmro/user/resource/web/scheduled/NanFuThirdPartyScheduled.java" />
      <jump line="57" column="0" filename="$USER_HOME$/project/vipmro-user-resource/user-resource-web/src/main/resources/application-dev.properties" />
      <jump line="0" column="0" filename="$USER_HOME$/project/vipmro-user-resource/user-resource-web/src/main/resources/application-dev.properties" />
      <jump line="14" column="18" filename="$USER_HOME$/project/vipmro-user-resource/user-resource-web/src/main/resources/application-dev.properties" />
      <jump line="5380" column="37" filename="$USER_HOME$/project/emro_interface_ka/src/main/java/emro/service/impl/OrderInfoImpl.java" />
    </jumps>
    <registers>
      <register name="-" type="4">
        <text>;</text>
      </register>
      <register name="/" type="4">
        <text>redis</text>
      </register>
      <register name="0" type="4">
        <text>SmsUtil</text>
      </register>
      <register name="1" type="2">
        <text encoding="base64">ICAgICAgICAgICAgICAgICAgICAgICAgCg==</text>
      </register>
      <register name="2" type="2">
        <text encoding="base64">ICAgICAgICAgICAgICAgICAgICAgICAgbG9nLmVycm9yKCIiICsgY29vcGVyYXRpb25Nb2RlbCk7Cg==</text>
      </register>
      <register name="3" type="2">
        <text encoding="base64">ICAgICAgICAgICAgICAgICAgICAgICAgICAgICAgICAgICAgICAgICJ0ZW1wbGF0ZU1hcCkpOwo=</text>
      </register>
      <register name="4" type="2">
        <text encoding="base64">ICAgICAgICAgICAgICAgICAgICAgICAgbG9nLmVycm9yKCIgKioqKioqKioqKiBzZW5kICB2YWx1ZSIgKyBjb29wZXJhdGlvbk1vZGVsKTsK</text>
      </register>
      <register name="5" type="2">
        <text encoding="base64">ICAvKioKICAgKiDorqLljZXmjqjpgIFPTVPvvIzlr7nlupRPTVNpZAogICAqLwogIEBDb2x1bW4obmFtZSA9ICJcIm9tc19vcmRlcl9pZFwiIikKICBwcml2YXRlIExvbmcgb21zT3JkZXJJZDsK</text>
      </register>
      <register name="6" type="2">
        <text encoding="base64">ICAvKioKICAgKiDorqLljZXmjqjpgIFPTVPvvIzlr7nlupRPTVNpZAogICAqLwogIEBDb2x1bW4obmFtZSA9ICJcIm9tc19vcmRlcl9pZFwiIikKICBwcml2YXRlIExvbmcgb21zT3JkZXJJZDsK</text>
      </register>
      <register name="7" type="2">
        <text encoding="base64">I+i0n+i9veWdh+ihoSB0Y3Ag6L+e5o6l6LaF5pe25pe26Ze0MTAg56eSLOS4jeaYvuekuumHjeaWsOi/nuaOpeeahOaXpeW/lwpsb2dnaW5nLmxldmVsLmlvLmxldHR1Y2UuY29yZS5wcm90b2NvbCA9IFdBUk4K</text>
      </register>
      <register name="8" type="2">
        <text encoding="base64">Cg==</text>
      </register>
      <register name="9" type="2">
        <text encoding="base64">Cg==</text>
      </register>
      <register name=":" type="4">
        <text>66</text>
      </register>
    </registers>
    <search>
      <last-search>redis</last-search>
      <last-offset />
      <last-pattern>redis</last-pattern>
      <last-replace>~</last-replace>
      <last-substitute encoding="base64">XDxjYWNoZWRDb250ZW50XD4=</last-substitute>
      <last-dir>1</last-dir>
      <show-last>false</show-last>
    </search>
    <history>
      <history-search>
        <entry>get</entry>
        <entry>nake</entry>
        <entry>nakeA</entry>
        <entry>}</entry>
        <entry>Sso</entry>
        <entry>Ss</entry>
        <entry>fex</entry>
        <entry>orderUserId</entry>
        <entry>OrderStatus</entry>
        <entry>orderStatus</entry>
        <entry>order</entry>
        <entry>vl</entry>
        <entry>cl</entry>
        <entry>gen</entry>
        <entry>fexp_no</entry>
        <entry>pur</entry>
        <entry>goods_no</entry>
        <entry>status</entry>
        <entry>crm</entry>
        <entry>redis</entry>
      </history-search>
      <history-cmd>
        <entry>131</entry>
        <entry>4508</entry>
        <entry>1199</entry>
        <entry>4499</entry>
        <entry>480</entry>
        <entry>25</entry>
        <entry>225</entry>
        <entry>19</entry>
        <entry>97</entry>
        <entry>296</entry>
        <entry>355</entry>
        <entry>56</entry>
        <entry>72</entry>
        <entry>26</entry>
        <entry>608</entry>
        <entry>1650</entry>
        <entry>2446</entry>
        <entry>180</entry>
        <entry>73</entry>
        <entry>66</entry>
      </history-cmd>
      <history-expr />
      <history-input />
    </history>
    <shortcut-conflicts>
      <shortcut-conflict owner="ide">
        <text>ctrl pressed Q</text>
      </shortcut-conflict>
      <shortcut-conflict owner="ide">
        <text>ctrl pressed B</text>
      </shortcut-conflict>
      <shortcut-conflict owner="vim">
        <text>ctrl pressed U</text>
      </shortcut-conflict>
      <shortcut-conflict owner="vim">
        <text>ctrl pressed V</text>
      </shortcut-conflict>
      <shortcut-conflict owner="vim">
        <text>ctrl pressed X</text>
      </shortcut-conflict>
      <shortcut-conflict owner="ide">
        <text>ctrl pressed N</text>
      </shortcut-conflict>
      <shortcut-conflict owner="vim">
        <text>ctrl pressed C</text>
      </shortcut-conflict>
      <shortcut-conflict owner="ide">
        <text>ctrl pressed F</text>
      </shortcut-conflict>
      <shortcut-conflict owner="ide">
        <text>ctrl pressed CLOSE_BRACKET</text>
      </shortcut-conflict>
      <shortcut-conflict owner="ide">
        <text>ctrl pressed P</text>
      </shortcut-conflict>
      <shortcut-conflict owner="ide">
        <text>ctrl pressed OPEN_BRACKET</text>
      </shortcut-conflict>
      <shortcut-conflict owner="vim">
        <text>ctrl pressed A</text>
      </shortcut-conflict>
      <shortcut-conflict owner="ide">
        <text>shift ctrl pressed 2</text>
      </shortcut-conflict>
      <shortcut-conflict owner="ide">
        <text>ctrl pressed 2</text>
      </shortcut-conflict>
      <shortcut-conflict owner="vim">
        <text>ctrl pressed W</text>
      </shortcut-conflict>
      <shortcut-conflict owner="ide">
        <text>ctrl pressed I</text>
      </shortcut-conflict>
      <shortcut-conflict owner="vim">
        <text>ctrl pressed G</text>
      </shortcut-conflict>
      <shortcut-conflict owner="vim">
        <text>ctrl pressed S</text>
      </shortcut-conflict>
      <shortcut-conflict owner="ide">
        <text>ctrl pressed O</text>
      </shortcut-conflict>
      <shortcut-conflict owner="vim">
        <text>ctrl pressed T</text>
      </shortcut-conflict>
      <shortcut-conflict owner="vim">
        <text>ctrl pressed H</text>
      </shortcut-conflict>
      <shortcut-conflict owner="ide">
        <text>ctrl pressed R</text>
      </shortcut-conflict>
      <shortcut-conflict owner="vim">
        <text>ctrl pressed M</text>
      </shortcut-conflict>
      <shortcut-conflict owner="vim">
        <text>ctrl pressed E</text>
      </shortcut-conflict>
    </shortcut-conflicts>
  </component>
</application>