<application>
  <component name="VimSettings">
    <state version="4" enabled="true" />
    <globalmarks />
    <filemarks>
      <file name="$USER_HOME$/project/vipmro-user-passport/user-passport-client/src/main/java/net/vipmro/user/passport/client/AbstractAuthenticationClient.java" timestamp="1553136946884">
        <mark key="[" line="88" column="15" />
        <mark key="]" line="88" column="19" />
        <mark key="^" line="88" column="19" />
        <mark key="." line="88" column="19" />
      </file>
      <file name="$USER_HOME$/project/vipmro-user-passport/pom.xml" timestamp="1553136681392">
        <mark key="[" line="81" column="54" />
        <mark key="]" line="81" column="19" />
        <mark key="^" line="81" column="19" />
        <mark key="." line="81" column="19" />
      </file>
      <file name="/fragment.java" timestamp="1553135631141">
        <mark key="[" line="0" column="0" />
      </file>
    </filemarks>
    <jumps />
    <registers />
    <search>
      <last-dir>0</last-dir>
      <show-last>false</show-last>
    </search>
    <history>
      <history-search />
      <history-cmd />
      <history-expr />
      <history-input />
    </history>
    <shortcut-conflicts>
      <shortcut-conflict owner="vim">
        <text>ctrl pressed W</text>
      </shortcut-conflict>
      <shortcut-conflict owner="vim">
        <text>ctrl pressed Q</text>
      </shortcut-conflict>
      <shortcut-conflict owner="vim">
        <text>ctrl pressed D</text>
      </shortcut-conflict>
      <shortcut-conflict owner="vim">
        <text>ctrl pressed U</text>
      </shortcut-conflict>
      <shortcut-conflict owner="vim">
        <text>ctrl pressed X</text>
      </shortcut-conflict>
    </shortcut-conflicts>
  </component>
</application>