<keymap version="1" name="Default for GNOME copy" parent="Default for GNOME">
  <action id="EditorSelectWord" />
  <action id="Git.Commit.And.Push.Executor" />
  <action id="Hg.Commit.And.Push.Executor" />
  <action id="MethodDown">
    <keyboard-shortcut first-keystroke="alt j" />
  </action>
  <action id="MethodUp">
    <keyboard-shortcut first-keystroke="alt k" />
  </action>
  <action id="RevealIn">
    <keyboard-shortcut first-keystroke="ctrl w" />
  </action>
  <action id="SelectNextOccurrence">
    <keyboard-shortcut first-keystroke="alt s" />
  </action>
  <action id="SurroundWithLiveTemplate" />
  <action id="VcsShowNextChangeMarker">
    <keyboard-shortcut first-keystroke="ctrl alt j" />
  </action>
  <action id="VcsShowPrevChangeMarker">
    <keyboard-shortcut first-keystroke="ctrl alt k" />
  </action>
</keymap>