<keymap version="1" name="Default for XWin copy" parent="Default for XWin">
  <action id="ChangesView.Diff" />
  <action id="CloseAllEditors">
    <keyboard-shortcut first-keystroke="shift ctrl w" />
  </action>
  <action id="CloseContent">
    <keyboard-shortcut first-keystroke="alt d" />
  </action>
  <action id="CompareTwoFiles" />
  <action id="Console.TableResult.EditValueMaximized">
    <keyboard-shortcut first-keystroke="shift alt enter" />
  </action>
  <action id="Diff.ShowDiff" />
  <action id="EditorDuplicate" />
  <action id="EditorSelectWord" />
  <action id="EditorStartNewLine" />
  <action id="EvaluateExpression">
    <keyboard-shortcut first-keystroke="alt c" />
  </action>
  <action id="FileChooser.GotoDesktop" />
  <action id="GotoSuperMethod">
    <keyboard-shortcut first-keystroke="ctrl u" />
    <keyboard-shortcut first-keystroke="alt u" />
  </action>
  <action id="InvalidateCaches">
    <keyboard-shortcut first-keystroke="ctrl alt r" />
  </action>
  <action id="MethodDown">
    <keyboard-shortcut first-keystroke="alt j" />
  </action>
  <action id="MethodUp">
    <keyboard-shortcut first-keystroke="alt k" />
  </action>
  <action id="QuickEvaluateExpression">
    <keyboard-shortcut first-keystroke="alt v" />
  </action>
  <action id="RevealIn">
    <keyboard-shortcut first-keystroke="ctrl w" />
  </action>
  <action id="SaveAll" />
  <action id="SelectNextOccurrence">
    <keyboard-shortcut first-keystroke="alt s" />
  </action>
  <action id="SendEOF" />
  <action id="ShowErrorDescription">
    <keyboard-shortcut first-keystroke="alt p" />
  </action>
  <action id="SplitVertically">
    <keyboard-shortcut first-keystroke="shift ctrl s" />
  </action>
  <action id="TableResult.UnselectPreviousOccurrence" />
  <action id="UnselectPreviousOccurrence" />
  <action id="Vcs.RollbackChangedLines">
    <keyboard-shortcut first-keystroke="shift alt z" />
  </action>
  <action id="Vcs.ShowTabbedFileHistory">
    <keyboard-shortcut first-keystroke="ctrl s" />
  </action>
  <action id="VcsShowNextChangeMarker">
    <keyboard-shortcut first-keystroke="shift alt j" />
  </action>
  <action id="VcsShowPrevChangeMarker">
    <keyboard-shortcut first-keystroke="shift alt k" />
  </action>
  <action id="VimPluginToggle">
    <keyboard-shortcut first-keystroke="alt a" />
  </action>
  <action id="XDebugger.MuteBreakpoints">
    <keyboard-shortcut first-keystroke="alt h" />
  </action>
  <action id="editRunConfigurations">
    <keyboard-shortcut first-keystroke="alt e" />
  </action>
</keymap>