<application>
  <component name="dataSourceStorage" format="xml" multifile-model="true">
    <data-source source="LOCAL" name="prod_emes_db" uuid="caec29b3-3f3f-4021-9ba4-56598822e284">
      <driver-ref>postgresql</driver-ref>
      <synchronize>true</synchronize>
      <remarks>emes-server prod db</remarks>
      <jdbc-driver>org.postgresql.Driver</jdbc-driver>
      <jdbc-url>jdbc:postgresql://117.81.212.189:5430/postgres</jdbc-url>
      <working-dir>$ProjectFileDir$</working-dir>
    </data-source>
    <data-source source="LOCAL" name="dev_36.32emes_db" uuid="5fa13867-0a57-4ec1-b988-643c4c37e809">
      <driver-ref>postgresql</driver-ref>
      <synchronize>true</synchronize>
      <jdbc-driver>org.postgresql.Driver</jdbc-driver>
      <jdbc-url>jdbc:postgresql://10.234.43.185:5432/hasura</jdbc-url>
      <working-dir>$ProjectFileDir$</working-dir>
    </data-source>
    <data-source source="LOCAL" name="qa_emes_db" uuid="a1386bb4-557b-4c02-a82d-6c5b0ef92731">
      <driver-ref>postgresql</driver-ref>
      <synchronize>true</synchronize>
      <remarks>emes-server prod db</remarks>
      <jdbc-driver>org.postgresql.Driver</jdbc-driver>
      <jdbc-url>jdbc:postgresql://10.234.44.231:5432/hasura</jdbc-url>
      <working-dir>$ProjectFileDir$</working-dir>
    </data-source>
    <data-source source="LOCAL" name="test_docker" uuid="36aa0f62-9d33-4f0c-82ae-605206592b23">
      <driver-ref>postgresql</driver-ref>
      <synchronize>true</synchronize>
      <jdbc-driver>org.postgresql.Driver</jdbc-driver>
      <jdbc-url>jdbc:postgresql://172.17.0.2:5432/</jdbc-url>
      <working-dir>$ProjectFileDir$</working-dir>
    </data-source>
    <data-source source="LOCAL" name="dcs_dev" group="dcs" uuid="1ca185a5-c9c5-4342-8b69-075180d53bd4">
      <driver-ref>mysql.8</driver-ref>
      <synchronize>true</synchronize>
      <jdbc-driver>com.mysql.cj.jdbc.Driver</jdbc-driver>
      <jdbc-url>jdbc:mysql://10.234.17.64:3306/dcs_management</jdbc-url>
      <working-dir>$ProjectFileDir$</working-dir>
    </data-source>
    <data-source source="LOCAL" name="iot-core_dev" group="iot" uuid="5e510cb6-195b-4c3d-894b-3795f1bb457c">
      <driver-ref>mysql.8</driver-ref>
      <synchronize>true</synchronize>
      <jdbc-driver>com.mysql.cj.jdbc.Driver</jdbc-driver>
      <jdbc-url>jdbc:mysql:// 10.234.29.79:3306/kexing_management</jdbc-url>
      <working-dir>$ProjectFileDir$</working-dir>
    </data-source>
    <data-source source="LOCAL" name="aliyun_quanxin_prod" uuid="e99bbf57-156c-41d8-9b3c-fc5f4bf589f1">
      <driver-ref>mysql.8</driver-ref>
      <synchronize>true</synchronize>
      <configured-by-url>true</configured-by-url>
      <jdbc-driver>com.mysql.cj.jdbc.Driver</jdbc-driver>
      <jdbc-url>jdbc:mysql://localhost:41371</jdbc-url>
      <working-dir>$ProjectFileDir$</working-dir>
    </data-source>
    <data-source source="LOCAL" name="kexing-dev" group="kexing" uuid="952c3dd8-f2de-4fcc-a8f0-5fbdd41f0b76">
      <driver-ref>mysql.8</driver-ref>
      <synchronize>true</synchronize>
      <jdbc-driver>com.mysql.cj.jdbc.Driver</jdbc-driver>
      <jdbc-url>jdbc:mysql:// 10.234.8.23:3306/kexing_management</jdbc-url>
      <working-dir>$ProjectFileDir$</working-dir>
    </data-source>
    <data-source source="LOCAL" name="iot-core_qa1" group="iot" uuid="29104251-8591-49bb-adaa-2507ae756a3e">
      <driver-ref>mysql.8</driver-ref>
      <synchronize>true</synchronize>
      <jdbc-driver>com.mysql.cj.jdbc.Driver</jdbc-driver>
      <jdbc-url>jdbc:mysql://10.234.46.152:3306/kexing_management</jdbc-url>
      <working-dir>$ProjectFileDir$</working-dir>
    </data-source>
    <data-source source="LOCAL" name="keixng-prod" group="kexing" uuid="36f04de1-73ca-4186-a02a-deb7f83f2f73">
      <driver-ref>sqlserver.jtds</driver-ref>
      <synchronize>true</synchronize>
      <jdbc-driver>net.sourceforge.jtds.jdbc.Driver</jdbc-driver>
      <jdbc-url>jdbc:jtds:sqlserver://192.168.168.6:1433/AIO75</jdbc-url>
      <working-dir>$ProjectFileDir$</working-dir>
    </data-source>
    <data-source source="LOCAL" name="kexing-local" group="kexing" uuid="e541fc4d-1b58-4d9e-8fd4-328f94ab3888">
      <driver-ref>sqlserver.jtds</driver-ref>
      <synchronize>true</synchronize>
      <jdbc-driver>net.sourceforge.jtds.jdbc.Driver</jdbc-driver>
      <jdbc-url>jdbc:jtds:sqlserver://192.168.102.205:1433/AIO75</jdbc-url>
      <working-dir>$ProjectFileDir$</working-dir>
    </data-source>
    <data-source source="LOCAL" name="keixng-prod-mes" group="kexing" uuid="ef2e6cf3-b32c-4a4f-a788-10bfff52fbd4">
      <driver-ref>sqlserver.jtds</driver-ref>
      <synchronize>true</synchronize>
      <jdbc-driver>net.sourceforge.jtds.jdbc.Driver</jdbc-driver>
      <jdbc-url>jdbc:jtds:sqlserver://192.168.168.5:1433/AIO5_MES</jdbc-url>
      <working-dir>$ProjectFileDir$</working-dir>
    </data-source>
    <data-source source="LOCAL" name="iot-core_pro" group="iot" uuid="bd688b0d-f4a5-44bf-9232-24024d7aee85">
      <driver-ref>mysql.8</driver-ref>
      <synchronize>true</synchronize>
      <jdbc-driver>com.mysql.cj.jdbc.Driver</jdbc-driver>
      <jdbc-url>jdbc:mysql://10.134.39.242:3306/iot-core</jdbc-url>
      <working-dir>$ProjectFileDir$</working-dir>
    </data-source>
    <data-source source="LOCAL" name="kexing-prod" group="kexing" uuid="07f0527c-3229-4665-a869-4e8571dc0cdd">
      <driver-ref>mysql.8</driver-ref>
      <synchronize>true</synchronize>
      <jdbc-driver>com.mysql.cj.jdbc.Driver</jdbc-driver>
      <jdbc-url>jdbc:mysql://localhost:43085/kexing_management</jdbc-url>
      <working-dir>$ProjectFileDir$</working-dir>
    </data-source>
    <data-source source="LOCAL" name="dcs_qa" group="dcs" uuid="96e99c08-7031-49e6-b807-3223c36917ee">
      <driver-ref>mysql.8</driver-ref>
      <synchronize>true</synchronize>
      <jdbc-driver>com.mysql.cj.jdbc.Driver</jdbc-driver>
      <jdbc-url>jdbc:mysql://10.234.34.255:3306/dcs_management</jdbc-url>
      <working-dir>$ProjectFileDir$</working-dir>
    </data-source>
    <data-source source="LOCAL" name="localhost" uuid="1d760d7b-b8e7-4923-b5da-969356c9e115">
      <driver-ref>mysql.8</driver-ref>
      <synchronize>true</synchronize>
      <configured-by-url>true</configured-by-url>
      <jdbc-driver>com.mysql.cj.jdbc.Driver</jdbc-driver>
      <jdbc-url>jdbc:mysql://localhost:3306</jdbc-url>
      <working-dir>$ProjectFileDir$</working-dir>
    </data-source>
    <data-source source="LOCAL" name="keixng-new-prod" group="kexing" uuid="777af75d-881e-4903-91c7-6895fd0ae214">
      <driver-ref>sqlserver.jtds</driver-ref>
      <synchronize>true</synchronize>
      <jdbc-driver>net.sourceforge.jtds.jdbc.Driver</jdbc-driver>
      <jdbc-url>jdbc:jtds:sqlserver://192.168.100.101:1433/AErp8_TX_KXDQ</jdbc-url>
      <working-dir>$ProjectFileDir$</working-dir>
    </data-source>
  </component>
</application>