<application>
  <component name="LocalDatabaseDriverManager" version="201">
    <driver id="cassandra">
      <artifact id="Cassandra" name="Cassandra" use="true" version="1.4" />
    </driver>
    <driver id="sqlserver.ms">
      <artifact id="SQL Server" name="SQL Server" use="true" version="9.4.0" />
    </driver>
    <driver id="sqlserver.jtds">
      <artifact />
      <artifact id="jTDS SQL Server and Sybase" name="jTDS SQL Server and Sybase" use="true" version="1.3.1.1" />
    </driver>
    <driver id="mysql.8">
      <artifact />
      <artifact id="MySQL ConnectorJ" name="MySQL ConnectorJ" use="true" version="8.0.25" />
    </driver>
    <driver id="postgresql">
      <artifact id="PostgreSQL" name="PostgreSQL" use="true" version="42.2.5" />
    </driver>
    <driver id="java.sql.Driver" name="User Driver" driver-class="java.sql.Driver" />
    <driver id="fb15c005-b240-4cb2-ab52-77515c5cf88f" name="User Driver [2]" driver-class="java.sql.Driver" />
  </component>
</application>