<application>
  <component name="FeatureSuggesterSettings">
    <option name="workingDays">
      <list>
        <option value="1657847520074" />
        <option value="1657974296757" />
        <option value="1658052844728" />
        <option value="1658107557039" />
        <option value="1658193006840" />
        <option value="1658279471682" />
        <option value="1658365994717" />
        <option value="1658453644849" />
        <option value="1658551865591" />
        <option value="1658710049735" />
        <option value="1658796452591" />
        <option value="1658880580241" />
        <option value="1658969691589" />
        <option value="1659055840433" />
        <option value="1659315400288" />
        <option value="1659409696339" />
        <option value="1659494193212" />
        <option value="1659576106293" />
        <option value="1659684490191" />
        <option value="1659920322927" />
        <option value="1660004067916" />
        <option value="1660092854234" />
        <option value="1660181891106" />
        <option value="1660266553953" />
        <option value="1660527202926" />
        <option value="1660611231017" />
        <option value="1660697864740" />
        <option value="1660784430153" />
        <option value="1660872820397" />
        <option value="1661008816502" />
      </list>
    </option>
  </component>
</application>