<application>
  <component name="FileTypeManager" version="18">
    <extensionMap>
      <mapping pattern="pp" type="AUTO_DETECTED" />
      <mapping pattern="kustomization.yaml" type="AUTO_DETECTED" />
      <mapping pattern="redis" type="AUTO_DETECTED" />
      <mapping pattern="AccessTokenValidityCheck.tsx" type="AUTO_DETECTED" />
      <mapping pattern="someName" type="AUTO_DETECTED" />
      <mapping pattern="flux2-bootstrap" type="AUTO_DETECTED" />
      <mapping pattern="hello_rust-0981fcde1e9d2bed" type="AUTO_DETECTED" />
      <mapping pattern="todo" type="AUTO_DETECTED" />
      <mapping ext="space.kts" type="Kotlin" />
      <mapping ext="gradle.kts" type="Kotlin" />
      <mapping ext="main.kts" type="Kotlin" />
      <mapping ext="pri" type="PLAIN_TEXT" />
      <mapping ext="crt" type="PLAIN_TEXT" />
      <mapping ext="ovpn" type="PLAIN_TEXT" />
      <mapping ext="jks" type="PLAIN_TEXT" />
      <mapping ext="p12" type="PLAIN_TEXT" />
      <mapping ext="mwb" type="PLAIN_TEXT" />
      <mapping ext="pub" type="PLAIN_TEXT" />
      <mapping ext="key" type="PLAIN_TEXT" />
      <mapping ext="p12 " type="PLAIN_TEXT" />
      <mapping ext="pem" type="PLAIN_TEXT" />
      <removed_mapping ext="apk" approved="true" type="ARCHIVE" />
      <removed_mapping ext="ignore" approved="true" type="IgnoreLang file" />
      <removed_mapping ext="psd" approved="true" type="Image" />
      <removed_mapping ext="rs" approved="true" type="Android RenderScript" />
      <removed_mapping pattern=".dockerignore" approved="true" type="Docker File" />
    </extensionMap>
  </component>
</application>