<application>
  <component name="FindSettings">
    <option name="customScope" value="All Places" />
    <option name="defaultScopeName" value="All Places" />
    <option name="localCaseSensitive" value="true" />
    <option name="showResultsInSeparateView" value="true" />
    <option name="LOCAL_CASE_SENSITIVE_SEARCH" value="true" />
    <option name="SHOW_RESULTS_IN_SEPARATE_VIEW" value="true" />
    <option name="SEARCH_SCOPE" value="All Places" />
    <option name="FILE_MASK" value="*" />
    <mask>.java</mask>
    <mask>!application.xml</mask>
    <mask>*java</mask>
    <mask>*.java,*.xml</mask>
    <mask>*\</mask>
    <mask>*.XML</mask>
    <mask>*.gralde</mask>
    <mask>.xml</mask>
    <mask>*.css</mask>
    <mask>*.html</mask>
    <mask>*.jsp</mask>
    <mask>*.yaml</mask>
    <mask>*.properties</mask>
    <mask>*.gradle</mask>
    <mask>*.</mask>
    <mask>*.xml</mask>
    <mask>*.java</mask>
    <mask>*</mask>
  </component>
</application>