<application>
  <component name="NodeJsLocalInterpreterManager">
    <local-interpreter path="/bin/node">
      <version-cache last-modified="0" />
    </local-interpreter>
    <local-interpreter path="$USER_HOME$/.asdf/shims/node">
      <version-cache version="20.4.0" last-modified="1689818087026" />
    </local-interpreter>
    <local-interpreter path="/usr/bin/node">
      <version-cache last-modified="0" />
    </local-interpreter>
    <local-interpreter path="$USER_HOME$/.asdf/installs/nodejs/20.4.0/bin/node">
      <version-cache version="20.4.0" last-modified="1689818086526" />
    </local-interpreter>
  </component>
</application>