<keymap version="1" name="Default for GNOME copy" parent="Default for GNOME">
  <action id="CloseAllEditors">
    <keyboard-shortcut first-keystroke="shift ctrl w" />
  </action>
  <action id="EditorSelectWord" />
  <action id="EditorUnSelectWord" />
  <action id="EvaluateExpression">
    <keyboard-shortcut first-keystroke="alt c" />
  </action>
  <action id="Git.Commit.And.Push.Executor" />
  <action id="GotoSuperMethod">
    <keyboard-shortcut first-keystroke="alt u" />
  </action>
  <action id="Hg.Commit.And.Push.Executor" />
  <action id="MethodDown">
    <keyboard-shortcut first-keystroke="alt j" />
  </action>
  <action id="MethodUp">
    <keyboard-shortcut first-keystroke="alt k" />
  </action>
  <action id="RevealIn">
    <keyboard-shortcut first-keystroke="ctrl w" />
  </action>
  <action id="SaveAll" />
  <action id="SelectNextOccurrence">
    <keyboard-shortcut first-keystroke="alt s" />
  </action>
  <action id="ShowErrorDescription">
    <keyboard-shortcut first-keystroke="alt p" />
  </action>
  <action id="SplitVertically">
    <keyboard-shortcut first-keystroke="shift ctrl s" />
  </action>
  <action id="SurroundWithLiveTemplate" />
  <action id="Vcs.ShowTabbedFileHistory">
    <keyboard-shortcut first-keystroke="ctrl s" />
  </action>
  <action id="VcsShowNextChangeMarker">
    <keyboard-shortcut first-keystroke="ctrl alt j" />
  </action>
  <action id="VcsShowPrevChangeMarker">
    <keyboard-shortcut first-keystroke="ctrl alt k" />
  </action>
  <action id="editRunConfigurations">
    <keyboard-shortcut first-keystroke="alt e" />
  </action>
</keymap>